"draw","cumulative","peakDebt","breakEven","year10Cost","northGrowth","southGrowth","ukPensionShare","ukDebtShare","reratingScope","interestRate","taxMultiplier","investmentOutputReturn","oneOffTransitionCost"
"1","111.47","78.03","","5.11","3.0501","1.9036","100","100","25.6874","4.3412","0.6789","0.0668","5.1859"
"2","469.93","328.95","","17.27","3.1116","2.3692","51.1029","51.1029","68.4633","3.9028","0.5393","0.0686","6.9618"
"3","485.38","339.77","","18.56","3.4345","3.1071","31.5412","31.5412","61.7462","2.4226","0.3179","0.0781","2.8645"
"4","297.19","208.03","","11.72","3.7723","2.9385","66.7734","66.7734","48.4013","2.8569","0.3684","0.088","4.6466"
"5","307.08","214.96","","11.99","3.5603","2.7196","67.0275","67.0275","48.4103","3.162","0.4341","0.0818","4.6826"
"6","294.33","206.03","","11.44","2.8413","1.6008","73.5319","73.5319","48.2551","4.7954","0.7698","0.0607","5.5195"
"7","3.7","22.78","13","2.21","4.8","3.0003","97.4516","97.4516","25","2.4308","0.3499","0.124","1.645"
"8","44.9","35.27","20","3.37","4.1623","2.6087","97.4682","97.4682","25","3.1755","0.4674","0.0994","3.4597"
"9","294.19","205.93","","11.26","3.2989","2.6601","74.8441","74.8441","43.9382","3.2509","0.452","0.0741","4.7455"
"10","369.19","258.43","","14.02","3.219","2.6394","59.9234","59.9234","49.9672","3.2031","0.4582","0.0718","4.0738"
"11","381.47","267.03","","14.08","2.9546","2.4543","66.4299","66.4299","52.7069","3.6251","0.5137","0.064","5.5479"
"12","36.69","31.16","19","2.94","4.5691","3.0342","100","100","25","2.7715","0.3397","0.1114","5.0527"
"13","87.76","61.72","25","5.27","4.5331","2.8719","79.4762","79.4762","26.3865","2.5915","0.3884","0.1103","1.5045"
"14","305.91","214.13","","11.76","3.099","2.1532","71.9773","71.9773","47.4819","3.9929","0.604","0.0682","5.1412"
"15","59.9","41.93","","3.73","3.7129","2.3607","100","100","25","3.2701","0.5418","0.0862","1.2912"
"16","318.62","223.03","","12.17","3.5571","2.4349","73.2816","73.2816","61.6735","3.9802","0.5195","0.0817","8.4381"
"17","246.34","172.44","","9.58","3.1913","2.1933","84.4123","84.4123","45.2626","4.0715","0.592","0.0709","6.3182"
"18","255.19","178.64","","9.37","2.6565","2.5628","91.8313","91.8313","29.3178","3.2777","0.4811","0.0553","3.8039"
"19","81.75","57.22","","4.43","4.2994","3.053","94.1943","94.1943","25","2.3055","0.3341","0.1035","1.1792"
"20","140.34","98.24","","5.85","3.41","2.7961","100","100","25","2.6614","0.4112","0.0774","1.2026"
"21","362.65","253.85","","14.04","3.8341","2.1931","63.4985","63.4985","78.3668","4.5811","0.5921","0.0898","10.8005"
"22","137.33","96.13","","6.68","4.8","3.4125","76.9628","76.9628","33.3892","2","0.2262","0.119","2.7085"
"23","499.46","349.63","","18.81","3.4947","2.444","36.3821","36.3821","75.7241","3.7575","0.5168","0.0798","6.5879"
"24","168.53","117.97","","8.21","4.8","3.1063","65.4797","65.4797","42.3723","2.4558","0.3181","0.1236","3.147"
"25","111.7","78.19","","4.95","3.8873","2.9378","100","100","25","2.9672","0.3687","0.0914","5.6085"
"26","43.41","32.94","21","3.15","4.3928","2.9385","100","100","25","2.6842","0.3684","0.1062","3.1272"
"27","213.32","149.32","","8.3","3.0809","2.7463","88.9405","88.9405","25","2.8021","0.4261","0.0677","1.8381"
"28","-82.59","16.29","10","-0.02","4.5068","1.9763","100","100","27.4491","4.1685","0.6571","0.1095","4.5456"
"29","499.07","349.35","","18.88","3.4435","2.7242","33.6249","33.6249","69.7642","3.1812","0.4327","0.0783","4.9075"
"30","385.73","270.01","","15.15","3.8462","2.7349","46.9818","46.9818","62.7599","3.1947","0.4295","0.0902","5.1552"
"31","505.45","353.82","","18.3","2.8758","2.1297","49.2242","49.2242","70.6632","4.2585","0.6111","0.0617","7.1942"
"32","299.98","209.99","","10.21","1.6727","2.0906","100","100","26.5764","4.0814","0.6228","0.0264","5.1629"
"33","190.67","133.47","","8.98","4.2751","2.5029","66.273","66.273","46.1286","3.3914","0.4991","0.1027","4.0796"
"34","219.63","153.74","","8.09","2.6119","2.6844","100","100","25","2.8928","0.4447","0.0539","1.8871"
"35","445.98","312.18","","15.6","2.1558","2.2548","71.897","71.897","52.3128","3.9728","0.5736","0.0406","6.1933"
"36","373.06","261.14","","12.95","2.3805","2.0902","85.7058","85.7058","53.9291","4.4496","0.6229","0.0472","8.398"
"37","552.6","386.82","","19.36","2.4568","1.9658","52.9708","52.9708","73.0095","4.5995","0.6602","0.0494","8.2121"
"38","104","72.8","","5.64","3.8686","2.0186","92.3001","92.3001","45.6401","4.4412","0.6444","0.0908","7.4575"
"39","60.37","43.97","22","3.78","3.5295","1.9702","100","100","25","4.6319","0.6589","0.0809","8.5505"
"40","313.92","219.75","","11.4","2.692","2.2399","84.0174","84.0174","45.0857","3.9969","0.578","0.0563","6.2264"
"41","49.8","49.47","18","4.64","4.8","2.5674","77.8219","77.8219","36.0194","3.2257","0.4798","0.1319","3.4022"
"42","280.07","196.05","","10.76","2.9417","2.2285","76.6418","76.6418","38.2043","3.7284","0.5815","0.0636","3.7248"
"43","193.29","135.3","","9.44","4.4206","2.5334","57.1187","57.1187","43.6816","3.149","0.49","0.107","2.3154"
"44","329.89","230.93","","12.34","3.2694","2.9648","73.5437","73.5437","46.8414","2.8848","0.3606","0.0732","5.2101"
"45","190.29","133.2","","8.54","4.0529","2.6553","71.9477","71.9477","38.3775","3.0745","0.4534","0.0962","3.1343"
"46","118.32","82.82","","5.29","3.4605","2.3668","100","100","29.7125","3.7098","0.54","0.0788","5.2342"
"47","131.35","92.32","25","7.4","4.8","2.6094","69.0593","69.0593","50.0005","3.3841","0.4672","0.1182","5.3046"
"48","43.53","40.96","18","3.89","4.8","2.8796","85.4169","85.4169","29.1685","2.7408","0.3861","0.1218","2.912"
"49","274.09","191.86","","11.82","4.1229","2.1108","61.3137","61.3137","67.9214","4.3999","0.6168","0.0983","8.2099"
"50","345.15","241.61","","12.76","2.8188","2.1768","73.0551","73.0551","48.7897","4.0095","0.597","0.06","5.5733"
"51","93.85","65.7","","5.03","3.73","2.1033","96.3073","96.3073","38.3674","4.2039","0.619","0.0867","6.3942"
"52","223.47","156.43","","9.55","3.8675","2.5554","70.5647","70.5647","42.3293","3.2896","0.4834","0.0908","3.8185"
"53","87.25","61.07","","4.62","4.5623","3.155","94.4564","94.4564","32.4276","2.5812","0.3035","0.1112","4.8395"
"54","239.78","167.84","","9.85","3.6022","1.9601","80.9609","80.9609","60.7295","4.7263","0.662","0.083","9.2587"
"55","363.15","254.21","","13.99","3.4308","2.5336","57.8816","57.8816","54.9511","3.442","0.4899","0.078","4.8969"
"56","83.15","58.25","25","4.84","4.7257","3.1477","85.9253","85.9253","29.5698","2.3899","0.3057","0.116","3.0684"
"57","269.54","188.68","","9.75","2.4905","2.0136","92.7939","92.7939","39.2534","4.2959","0.6459","0.0504","6.1186"
"58","290.43","203.3","","11.65","3.9479","2.7993","65.9644","65.9644","54.4077","3.1862","0.4102","0.0931","5.8597"
"59","541.74","379.22","","19.79","2.3198","2.2892","37.6332","37.6332","54.7712","3.4655","0.5632","0.0454","2.1458"
"60","263.58","184.5","","10.08","3.2851","2.471","83.5233","83.5233","46.2347","3.7004","0.5087","0.0737","6.413"
"61","318.26","222.78","","12.25","3.2751","2.7148","67.0563","67.0563","42.4746","3.0207","0.4356","0.0734","3.3807"
"62","-7.02","20.51","12","1.96","4.2668","2.4201","100","100","25","3.1898","0.524","0.1025","1.3031"
"63","571.44","400.01","","21.28","3.1947","2.6392","24.8399","24.8399","74.9983","3.2953","0.4582","0.071","4.8825"
"64","308.34","215.84","","12.57","3.632","2.2909","56.8173","56.8173","50.9788","3.6603","0.5627","0.0839","3.8804"
"65","348.61","244.02","","13.07","3.2416","2.1771","71.0943","71.0943","61.496","4.297","0.5969","0.0724","8.1061"
"66","259.72","181.8","","10.91","4.2826","2.8696","64.1876","64.1876","54.6559","3.0687","0.3891","0.103","5.6764"
"67","391.95","274.37","","14.42","2.7829","2.6108","65.1585","65.1585","47.4564","3.2593","0.4668","0.059","4.2225"
"68","332.37","232.66","","12.76","3.8725","3.2093","66.5141","66.5141","56.7561","2.6895","0.2872","0.0909","6.45"
"69","376.84","263.79","","14.54","3.4728","2.7659","53.1231","53.1231","52.8285","2.9972","0.4202","0.0792","3.7927"
"70","274.83","192.38","","10.96","3.2524","2.4058","68.4726","68.4726","36.6223","3.3208","0.5283","0.0727","2.2828"
"71","267.91","187.54","","11.4","4.1334","2.5287","60.1708","60.1708","55.9182","3.5078","0.4914","0.0986","5.4162"
"72","257.19","180.03","","10.08","3.8981","3.0851","79.2251","79.2251","48.5622","2.8488","0.3245","0.0917","6.3495"
"73","249.1","174.37","","10.14","3.5391","2.5618","71.5617","71.5617","38.6103","3.2029","0.4815","0.0811","3.1338"
"74","480.36","336.25","","17.71","2.6559","1.6994","45.8255","45.8255","60.519","4.5449","0.7402","0.0552","4.5073"
"75","235.86","165.1","","8.47","2.4944","2.3651","100","100","29.9455","3.7023","0.5405","0.0505","5.1476"
"76","49.96","36.03","23","3.48","3.7121","2.2806","100","100","25","3.3536","0.5658","0.0862","1.0579"
"77","234.72","164.31","","8.43","2.6179","2.5489","100","100","29.17","3.4928","0.4853","0.0541","5.5278"
"78","330.21","231.15","","12.03","2.5981","1.9056","79.855","79.855","48.3253","4.4743","0.6783","0.0535","6.3817"
"79","394.29","276","","15.57","3.6029","2.1637","44.897","44.897","64.136","3.9827","0.6009","0.083","5.1787"
"80","412.93","289.05","","14.47","2.3916","2.252","76.8045","76.8045","54.6613","4.11","0.5744","0.0475","7.3671"
"81","601.7","421.19","","21.46","2.5556","1.7368","36.1143","36.1143","75.961","4.7317","0.729","0.0523","6.6041"
"82","204.36","143.05","","8.79","3.6704","2.1263","79.9115","79.9115","49.1852","4.1932","0.6121","0.085","6.5785"
"83","115.1","80.89","25","6.46","4.6451","2.5791","80.3263","80.3263","50.3657","3.6065","0.4763","0.1136","6.8937"
"84","350.74","245.52","","12.8","2.5346","2.408","74.763","74.763","39.6513","3.4892","0.5276","0.0517","3.7916"
"85","424.05","296.84","","16.28","3.5709","2.6104","45.2807","45.2807","64.2789","3.3779","0.4669","0.0821","5.2616"
"86","295.73","207.01","","12.28","4.1647","2.5031","59.5959","59.5959","64.4287","3.7471","0.4991","0.0995","7.2115"
"87","538.94","377.26","","19.88","3.5752","2.3446","38.4242","38.4242","89.3419","4.2657","0.5466","0.0822","9.8572"
"88","265.64","185.95","","10.46","3.0515","2.3984","73.0614","73.0614","31.5326","3.2735","0.5305","0.0668","1.7776"
"89","93.99","65.79","","4.53","3.7695","2.6474","100","100","25","3.2577","0.4558","0.0879","4.6504"
"90","59.01","43.83","22","4","4.6875","3.0635","89.9965","89.9965","26.9977","2.5033","0.3309","0.1148","3.0477"
"91","595.07","416.55","","21.16","1.99","2.2259","40.2101","40.2101","60.6065","3.7376","0.5822","0.0357","3.7746"
"92","342.18","239.52","","12.26","2.9936","2.6118","83.8939","83.8939","55.4991","3.7441","0.4665","0.0651","8.5008"
"93","370.84","259.59","","14.68","3.9433","2.9336","47.2586","47.2586","59.1889","2.8364","0.3699","0.093","4.4066"
"94","341.31","238.92","","12.16","2.5835","2.1647","84.0999","84.0999","49.8973","4.222","0.6006","0.0531","7.296"
"95","311.76","218.23","","12.11","3.2539","2.8578","65.0166","65.0166","36.0407","2.6321","0.3926","0.0728","1.692"
"96","254.5","178.15","","11.39","4.5253","2.8863","48.8703","48.8703","49.0424","2.6722","0.3841","0.1101","2.3902"
"97","99.19","69.44","","4.58","4.2034","3.1976","100","100","25","2.5931","0.2907","0.1006","5.4601"
"98","425.83","298.08","","15.99","3.2243","2.2473","52.7846","52.7846","64.1126","3.9872","0.5758","0.0719","6.2298"
"99","211.42","148","","8.8","3.9353","3.0104","77.0237","77.0237","35.941","2.6025","0.3469","0.0928","3.278"
"100","305.17","213.62","","11.65","2.7198","2.3731","70.5832","70.5832","30.1866","3.2369","0.5381","0.0571","1.1496"
"101","292.1","204.47","","12.64","4.7958","3.0859","46.9157","46.9157","63.6436","2.7331","0.3242","0.118","5.3407"
"102","330.01","231.01","","12.92","4.0015","3.026","62.1335","62.1335","59.8137","2.9513","0.3422","0.0947","6.536"
"103","334.09","233.86","","12.14","2.5268","2.153","79.1471","79.1471","42.4563","3.9766","0.6041","0.0515","4.9957"
"104","253.72","177.6","","10.18","3.8902","2.733","76.4675","76.4675","52.5012","3.3894","0.4301","0.0914","6.8468"
"105","198.48","138.94","","9.11","3.9181","2.1592","69.9458","69.9458","47.2171","3.9471","0.6022","0.0923","4.8109"
"106","412.95","289.07","","14.62","2.7201","2.4181","74.581","74.581","60.3927","3.991","0.5246","0.0571","8.3303"
"107","334.57","234.2","","12.42","2.9773","2.1266","75.2666","75.2666","53.8285","4.2382","0.612","0.0647","6.978"
"108","506.31","354.42","","19.67","3.5723","2.6669","19.7827","19.7827","66.62","2.9707","0.4499","0.0821","2.3621"
"109","291.22","203.86","","11.12","2.9607","2.4467","74.9952","74.9952","36.3368","3.3567","0.516","0.0642","3.0935"
"110","121.45","85.01","","5.48","4.2401","3.1538","95.9032","95.9032","32.4254","2.6048","0.3039","0.1017","5.0328"
"111","205.52","143.86","","9.31","4.1149","2.3662","69.7229","69.7229","50.8118","3.749","0.5401","0.098","5.5719"
"112","350.85","245.59","","12.1","2.55","2.0426","91.8217","91.8217","59.5211","4.7479","0.6372","0.0521","10.4473"
"113","426.02","298.22","","15.06","2.492","2.2734","71.726","71.726","56.4725","4.0486","0.568","0.0504","7.0855"
"114","298.3","208.81","","10.73","2.4763","2.5169","88.6782","88.6782","33.9131","3.4077","0.4949","0.05","4.3926"
"115","203.08","142.16","","8.32","3.2044","2.165","84.8266","84.8266","35.3389","3.8687","0.6005","0.0713","4.1905"
"116","245.21","171.65","","10.12","3.74","2.2382","75.6727","75.6727","55.6595","4.1367","0.5785","0.087","7.4352"
"117","217.2","152.04","","9.7","4.4974","2.9707","63.4195","63.4195","47.2239","2.7322","0.3588","0.1093","3.9385"
"118","312.93","219.05","","11.19","2.6336","2.3213","88.2372","88.2372","45.264","3.9537","0.5536","0.0546","6.8307"
"119","81.34","56.93","","4.43","4.8","3.5","91.3089","91.3089","25","2","0.2","0.1244","2.4257"
"120","121.3","84.91","","6.26","4.4601","2.8991","79.1816","79.1816","32.8725","2.7117","0.3803","0.1082","2.8919"
"121","529.33","370.53","","18.05","2.0644","2.4881","70.9721","70.9721","67.3605","4.0141","0.5036","0.0379","9.3799"
"122","416.68","291.68","","15.06","2.5676","2.1406","65.3641","65.3641","53.0309","4.0483","0.6078","0.0526","5.4764"
"123","216.62","151.63","","8.11","2.7142","2.9487","100","100","25","2.1311","0.3654","0.057","0"
"124","140.3","98.21","","6.58","3.867","2.5059","84.9941","84.9941","33.025","3.3445","0.4982","0.0908","3.7039"
"125","128.13","89.69","","6.14","3.9497","2.68","85.3019","85.3019","27.6024","2.9744","0.446","0.0932","2.5521"
"126","523.61","366.52","","18.35","2.6395","1.838","57.9119","57.9119","76.5119","4.9381","0.6986","0.0548","9.6443"
"127","35.28","33.64","18","3.16","4.2257","2.469","100","100","31.7616","3.6982","0.5093","0.1013","6.3689"
"128","206.18","144.33","","8.35","3.5859","2.999","82.4303","82.4303","27.3782","2.4864","0.3503","0.0825","2.1182"
"129","276.65","193.65","","11.7","4.2921","2.8032","57.0715","57.0715","55.3373","3.0687","0.409","0.1032","4.8733"
"130","205.54","143.88","","8.82","4.2099","2.7686","78.17","78.17","51.1855","3.3335","0.4194","0.1008","6.7853"
"131","438.6","307.02","","16.1","2.9105","2.4983","56.9271","56.9271","57.9901","3.552","0.5005","0.0627","5.4376"
"132","425.29","297.7","","16.18","3.3132","2.5793","47.0775","47.0775","58.4183","3.3015","0.4762","0.0745","4.2128"
"133","97.07","67.95","","4.85","4.232","3.1613","94.1317","94.1317","25","2","0.3016","0.1015","0"
"134","97.79","69.26","24","5.79","4.2029","2.2603","83.1649","83.1649","40.5213","3.8419","0.5719","0.1006","5.1081"
"135","123.06","86.14","","5.42","3.5707","2.4392","100","100","31.8744","3.7962","0.5182","0.0821","6.8711"
"136","516.51","361.56","","18.14","2.6798","2.4912","60.6127","60.6127","72.8998","3.9906","0.5026","0.0559","9.2113"
"137","96.61","67.63","","5.37","4.1445","2.4207","88.9357","88.9357","37.8989","3.6436","0.5238","0.0989","5.3039"
"138","534.35","374.05","","18.72","2.2014","2.3912","58.115","58.115","63.4194","3.8532","0.5326","0.0419","6.7911"
"139","275.77","193.04","","11.2","3.4794","2.21","67.2067","67.2067","47.5725","3.8445","0.587","0.0794","4.5223"
"140","401.51","281.06","","14.39","2.6646","2.09","71.6581","71.6581","57.8068","4.333","0.623","0.0555","7.37"
"141","151.95","106.36","","7.92","4.248","2.3342","66.4184","66.4184","39.3231","3.4555","0.5497","0.1019","2.6019"
"142","165.28","115.7","","8.1","4.8","2.927","70.3357","70.3357","51.0214","2.9924","0.3719","0.1216","5.7001"
"143","184.78","129.34","","7.9","3.5877","2.1653","86.8356","86.8356","46.2728","4.1721","0.6004","0.0826","6.865"
"144","165.75","116.02","","8.76","4.4314","2.2797","59.6358","59.6358","46.2218","3.5997","0.5661","0.1073","3.2113"
"145","401.63","281.14","","14.77","3.4215","2.829","65.8195","65.8195","66.4807","3.4449","0.4013","0.0777","8.4964"
"146","579.51","405.66","","21.06","3.0207","2.6359","35.0115","35.0115","78.6535","3.546","0.4592","0.0659","7.0488"
"147","190.89","133.63","","9.05","4.2743","2.4708","65.0747","65.0747","46.0018","3.4141","0.5088","0.1027","3.8913"
"148","255.46","178.82","","10.91","3.9829","2.5605","60.6632","60.6632","46.7721","3.243","0.4819","0.0942","3.47"
"149","400.37","280.26","","15.92","3.2856","2.3428","35.8159","35.8159","46.035","3.1458","0.5472","0.0737","0"
"150","405.26","283.68","","15.02","3.0103","2.4848","60.2691","60.2691","55.2428","3.5528","0.5046","0.0656","5.2808"
"151","305.78","214.04","","11.14","2.5914","2.1952","84.1273","84.1273","40.7554","3.9519","0.5914","0.0533","5.2885"
"152","293.27","205.29","","11.2","3.1225","2.4421","75.5919","75.5919","42.6309","3.5294","0.5174","0.0689","4.5581"
"153","216.22","151.36","","9.86","4.5426","2.7523","62.8897","62.8897","53.9126","3.1916","0.4243","0.1106","5.3391"
"154","495.12","346.59","","18.65","3.3116","2.3803","36.2104","36.2104","69.7459","3.693","0.5359","0.0745","5.2497"
"155","2.32","27.42","14","2.68","4.6537","2.6199","88.8997","88.8997","25","2.7832","0.464","0.1138","0.1434"
"156","373.61","261.52","","15.12","3.8869","2.3689","42.2806","42.2806","63.3567","3.6413","0.5393","0.0913","4.6569"
"157","364.21","254.95","","13.88","2.9936","2.2305","59.6715","59.6715","47.4602","3.6988","0.5808","0.0651","3.4886"
"158","372.58","260.8","","14.59","3.8293","2.7594","51.3143","51.3143","61.6619","3.1995","0.4222","0.0897","5.4938"
"159","172.95","121.06","","6.9","3.2109","2.2975","98.4026","98.4026","36.6789","3.9265","0.5607","0.0715","6.3033"
"160","331.47","232.03","","11.75","2.0758","2.2676","86.0245","86.0245","32.6481","3.6785","0.5697","0.0382","3.7589"
"161","526.87","368.81","","18.76","2.3487","1.9245","50.066","50.066","62.7829","4.3565","0.6727","0.0462","5.5732"
"162","34.85","39.66","18","3.75","4.2141","2.1133","92.3374","92.3374","37.8093","4.1158","0.616","0.1009","5.7397"
"163","328.3","229.81","","12.79","3.6996","2.3078","67.2574","67.2574","66.4124","4.1818","0.5577","0.0859","8.6739"
"164","314.42","220.1","","12.17","3.3743","2.2526","69.5705","69.5705","54.8936","4.0049","0.5742","0.0763","6.4495"
"165","296.6","207.62","","11.23","3.5411","2.658","79.5747","79.5747","56.4425","3.6384","0.4526","0.0812","8.13"
"166","304.74","213.32","","11.53","3.2809","2.9515","75.1495","75.1495","41.5789","2.796","0.3646","0.0736","4.2674"
"167","390.67","273.47","","13.47","2.3321","2.1495","85.297","85.297","55.5983","4.4036","0.6052","0.0457","8.7105"
"168","217.11","151.97","","9.14","3.6791","2.5398","74.5195","74.5195","37.6097","3.2531","0.488","0.0853","3.3098"
"169","361.34","252.94","","13.75","3.655","2.7165","63.5332","63.5332","63.1581","3.4818","0.435","0.0845","7.4592"
"170","290.13","203.09","","10.32","2.1105","2.2667","91.9198","91.9198","27.7875","3.648","0.57","0.0392","3.479"
"171","392.66","274.87","","15","3.4617","1.9754","57.9671","57.9671","72.0409","4.6381","0.6574","0.0789","8.6681"
"172","296.51","207.56","","13.45","4.6199","2.5501","34.5775","34.5775","60.6002","3.206","0.485","0.1129","3.019"
"173","168.58","118.01","","8.45","4.8","2.8256","64.9463","64.9463","50.3812","3.0339","0.4023","0.1271","4.8375"
"174","181.92","127.35","","8.07","3.8681","2.3689","80.7979","80.7979","44.8834","3.7655","0.5393","0.0908","5.7508"
"175","207.97","145.58","","7.65","2.2485","1.8539","100","100","25.2259","4.3163","0.6938","0.0433","4.3656"
"176","441.59","309.12","","15.45","2.3614","1.7935","71.3629","71.3629","61.3733","4.8254","0.7119","0.0466","8.1151"
"177","270.03","189.02","","11.25","4.2804","2.7556","64.9686","64.9686","60.6504","3.3872","0.4233","0.1029","7.0997"
"178","199.96","139.97","","7.62","2.7974","2.0957","97.7482","97.7482","34.0724","4.1289","0.6213","0.0594","5.6422"
"179","41.89","33.53","20","3.18","4.0957","2.562","100","100","25","3.368","0.4814","0.0975","4.5883"
"180","150.43","105.3","","7.91","4.391","2.5721","62.0633","62.0633","33.3383","2.9125","0.4784","0.1061","0.702"
"181","368.85","258.19","","13.56","3.1008","2.2797","71.5173","71.5173","60.5525","4.1387","0.5661","0.0683","7.9552"
"182","355.54","248.88","","13.17","3.4371","2.8672","72.4189","72.4189","59.4799","3.3178","0.3898","0.0782","7.8399"
"183","209.9","146.93","","8.9","3.6742","2.3085","78.4142","78.4142","44.6805","3.8073","0.5575","0.0851","5.3869"
"184","500.6","350.42","","17.93","2.5314","2.4208","54.4205","54.4205","61.3534","3.7046","0.5238","0.0516","5.8419"
"185","100.57","70.4","","5.1","3.5172","2.0571","96.6744","96.6744","33.6107","4.154","0.6329","0.0805","5.3968"
"186","310.97","217.68","","12.58","3.5523","2.1455","59.2969","59.2969","53.7859","3.9681","0.6063","0.0815","4.83"
"187","305.64","213.94","","11.8","3.2612","2.0285","73.4983","73.4983","56.5442","4.4141","0.6415","0.073","7.3386"
"188","180.61","126.42","","7.7","3.1929","1.9177","86.9238","86.9238","37.346","4.2907","0.6747","0.071","4.9129"
"189","105.72","74.01","","4.99","3.5814","2.3006","100","100","32.0211","3.9459","0.5598","0.0824","6.5113"
"190","173.19","121.23","","8.83","4.8","2.5806","65.019","65.019","59.1362","3.5906","0.4758","0.1217","6.7734"
"191","324.47","227.13","","12.5","3.0611","1.5","71.8253","71.8253","62.0667","5.366","0.8246","0.0671","8.3295"
"192","313.01","219.11","","11.74","2.9379","2.2771","75.8116","75.8116","45.0299","3.8196","0.5669","0.0635","5.1153"
"193","175.42","122.79","","8.12","4.031","2.4606","74.5157","74.5157","40.9809","3.4463","0.5118","0.0956","4.0509"
"194","281.04","196.73","","10.44","3.273","2.6792","86.4682","86.4682","48.9818","3.5277","0.4463","0.0733","7.4117"
"195","397.7","278.39","","15.26","3.594","2.2361","54.2767","54.2767","70.5622","4.1866","0.5792","0.0828","7.8486"
"196","230.52","161.37","","9.73","4.2259","3.0349","69.8524","69.8524","45.1596","2.6902","0.3395","0.1013","4.3458"
"197","282.49","197.75","","11.71","3.992","2.6665","59.717","59.717","51.3765","3.1979","0.45","0.0944","4.3562"
"198","355.97","249.18","","13.04","2.8253","2.7176","73.7688","73.7688","44.5406","3.1706","0.4347","0.0602","4.734"
"199","111.39","77.98","","5.04","3.5906","2.5554","100","100","26.7076","3.3857","0.4834","0.0827","4.6642"
"200","55.98","41.34","22","3.78","3.5469","1.9366","99.9933","99.9933","30.0018","4.28","0.669","0.0814","5.0473"
"201","322.6","225.82","","13.04","3.7743","2.4224","55.9604","55.9604","56.2894","3.5992","0.5233","0.088","4.934"
"202","173.27","121.29","","6.74","2.7058","2.1799","100","100","25","3.6882","0.596","0.0567","2.7826"
"203","26.71","30.13","17","2.91","3.8619","2.153","100","100","25.6378","4.0078","0.6041","0.0906","5.269"
"204","190.08","133.06","","8.11","3.929","2.6465","82.8731","82.8731","43.8026","3.3884","0.456","0.0926","5.7909"
"205","381.02","266.72","","13.58","2.4391","2.5246","77.2503","77.2503","45.3148","3.5083","0.4926","0.0489","5.3706"
"206","277.49","194.24","","11.03","3.636","2.3057","74.053","74.053","57.2209","4.0583","0.5583","0.084","7.5618"
"207","350.36","245.25","","12.64","2.7106","2.2541","79.0818","79.0818","50.4795","4.0372","0.5738","0.0568","6.7521"
"208","265.29","185.7","","10.59","3.0511","2.0339","72.1702","72.1702","38.1065","3.9255","0.6398","0.0668","3.1045"
"209","261.9","183.33","","9.6","2.7537","1.8852","93.5975","93.5975","49.2734","4.7352","0.6844","0.0581","8.4306"
"210","288.53","201.97","","11","2.8277","2.4217","75.4585","75.4585","32.2588","3.2961","0.5235","0.0603","2.2583"
"211","181.5","127.05","","6.97","3.0818","2.5607","100","100","29.3045","3.4196","0.4818","0.0677","5.0268"
"212","96.78","67.75","","4.75","4.0875","2.7336","100","100","35.9248","3.357","0.4299","0.0972","6.568"
"213","153.58","107.51","","8.1","4.8","2.9905","55.7656","55.7656","32.796","2.2277","0.3528","0.14","0"
"214","359.61","251.73","","15.08","4.3846","2.6378","35.7895","35.7895","67.4839","3.276","0.4587","0.1059","4.6957"
"215","105.69","73.98","","4.84","3.9654","3.0758","100","100","25","2.3771","0.3273","0.0937","2.0851"
"216","170.68","119.47","","7.63","4.1362","2.9803","77.1345","77.1345","31.501","2.5346","0.3559","0.0987","2.3161"
"217","124.1","86.87","","5.81","3.6767","2.4845","90.9339","90.9339","27.3263","3.3219","0.5047","0.0852","3.2455"
"218","502.89","352.03","","17.47","1.6053","2.1146","65.0533","65.0533","47.479","3.9406","0.6156","0.0244","4.2134"
"219","300.91","210.64","","12.08","3.6335","2.1165","66.3759","66.3759","60.5688","4.2854","0.6151","0.0839","7.2702"
"220","453.59","317.52","","16.79","2.7951","2.6527","50.6713","50.6713","52.5552","3.1087","0.4542","0.0593","3.4042"
"221","418.86","293.2","","17.74","4.5229","2.4514","16.6177","16.6177","76.5911","3.4682","0.5146","0.11","4.1319"
"222","325.36","227.75","","12.69","3.4202","2.3187","64.2156","64.2156","53.5811","3.7997","0.5544","0.0777","5.4437"
"223","537.98","376.58","","19.45","2.9152","2.5609","44.6864","44.6864","72.8902","3.6522","0.4817","0.0628","7.0764"
"224","411.03","287.72","","15.05","2.7036","2.3541","62.4729","62.4729","50.9254","3.6582","0.5438","0.0566","4.626"
"225","334.72","234.31","","13.01","3.4217","2.4058","62.4839","62.4839","53.0748","3.641","0.5283","0.0777","5.1004"
"226","233.2","163.24","","9.41","3.5714","2.5569","79.211","79.211","42.0609","3.4124","0.4829","0.0821","4.9173"
"227","70.27","51.83","22","4.71","4.186","2.4261","84.8411","84.8411","27.5152","3.3142","0.5222","0.1001","2.4712"
"228","-61.96","17.48","11","0.38","4.8","2.4814","100","100","25","3.4938","0.5056","0.1244","4.7213"
"229","338.79","237.16","","11.76","1.9503","2.1486","90.299","90.299","36.2023","3.996","0.6054","0.0345","5.1133"
"230","187.95","131.57","","8.81","4.8","2.9953","68.2115","68.2115","53.8233","2.9362","0.3514","0.1213","6.0321"
"231","189.8","132.86","","7.27","3.21","2.4349","100","100","38.6325","3.8784","0.5195","0.0715","7.5423"
"232","260.42","182.3","","9.71","3.1943","2.66","89.3421","89.3421","43.6517","3.4646","0.452","0.071","6.624"
"233","148.47","103.93","","6.24","3.1439","2.35","96.0673","96.0673","25","3.3831","0.545","0.0696","2.1567"
"234","218.43","152.9","","8.64","3.3211","2.7241","84.5356","84.5356","30.2501","2.9682","0.4328","0.0748","3.032"
"235","101.88","71.32","","5.35","4.5925","3.2441","83.7818","83.7818","25.07","2.1123","0.2768","0.112","1.7914"
"236","394.16","275.92","","13.71","2.5555","2.6264","84.0466","84.0466","56.103","3.7414","0.4621","0.0523","8.6541"
"237","130.96","91.67","","5.93","3.624","2.446","93.5171","93.5171","31.032","3.5068","0.5162","0.0836","4.4067"
"238","13.77","30.77","15","2.96","4.4225","2.4484","90.2583","90.2583","25.0413","3.3041","0.5155","0.1071","2.6524"
"239","285.48","199.83","","11.74","4.051","2.7199","61.4258","61.4258","54.5377","3.2295","0.434","0.0962","5.2805"
"240","438.89","307.22","","15.04","2.4819","2.1758","80.2771","80.2771","66.8144","4.5715","0.5973","0.0501","10.5058"
"241","323.38","226.37","","12.57","2.9668","2.6324","61.0552","61.0552","30.8845","2.7529","0.4603","0.0644","0.0272"
"242","444.8","311.36","","16.66","2.9032","2.1502","47.6965","47.6965","56.2735","3.8473","0.6049","0.0625","3.8239"
"243","162.96","114.07","","6.52","3.2221","2.8703","100","100","25","2.4081","0.3889","0.0718","0"
"244","515.07","360.55","","17.36","1.7559","1.9983","73.7521","73.7521","60.9674","4.57","0.6505","0.0288","8.3457"
"245","221.16","154.81","","9.54","4.3681","3.1526","66.9513","66.9513","42.1638","2.4093","0.3042","0.1055","3.2982"
"246","654.15","457.91","","24.26","3.0502","1.8764","9.1319","9.1319","82.8091","4.3003","0.6871","0.0668","4.4974"
"247","440.66","308.46","","17.38","3.4909","2.1162","32.0176","32.0176","62.66","3.8152","0.6151","0.0797","3.1293"
"248","131.53","92.07","","5.7","3.3225","2.2246","100","100","32.8243","3.9554","0.5826","0.0748","5.675"
"249","169.3","118.51","","7.85","4.3092","2.788","75.5037","75.5037","41.5137","3.0245","0.4136","0.1037","4.3005"
"250","384.39","269.07","","14.48","2.9807","2.1783","59.1866","59.1866","52.4207","3.8872","0.5965","0.0648","4.5149"
"251","51.29","39.68","21","3.77","3.1592","1.5","100","100","27.1071","5.2055","0.8806","0.07","4.656"
"252","284.52","199.17","","10.11","2.4102","2.1171","94.1089","94.1089","39.7652","4.1864","0.6149","0.048","6.4073"
"253","338.5","236.95","","13.61","4.1886","2.9797","52.2137","52.2137","61.4408","2.9047","0.3561","0.1002","5.5656"
"254","172.42","120.69","","7.19","3.6854","2.607","91.5031","91.5031","38.8295","3.4497","0.4679","0.0854","5.8525"
"255","145.74","102.02","","5.95","3.7599","3.2889","100","100","25","2.0683","0.2633","0.0876","1.9466"
"256","359.98","251.99","","13.95","3.378","2.6677","55.4737","55.4737","48.5945","3.0622","0.4497","0.0764","3.176"
"257","60.72","43.69","23","3.84","3.7482","2.1802","100","100","29.8432","4.0666","0.596","0.0873","6.1156"
"258","245.19","171.63","","9.46","3.7128","2.9269","86.0319","86.0319","48.0531","3.1573","0.3719","0.0862","7.149"
"259","432.62","302.83","","16.3","2.7466","2.3468","46.9691","46.9691","46.0971","3.3115","0.546","0.0579","1.4876"
"260","121.62","85.13","","5.3","3.7989","2.8397","100","100","29.0581","3.0492","0.3981","0.0888","5.1433"
"261","252.67","176.87","","10.63","4.225","2.891","65.1055","65.1055","50.8731","2.9586","0.3827","0.1013","4.9671"
"262","386.94","270.86","","13.89","2.284","2.1503","72.521","72.521","43.1247","3.8962","0.6049","0.0443","4.2555"
"263","312.27","218.59","","10.74","2.05","2.4261","98.2349","98.2349","35.0113","3.7055","0.5222","0.0375","5.9139"
"264","31.69","31.17","18","3.02","3.8178","2.1614","100","100","25","3.9673","0.6016","0.0893","5.0154"
"265","307.62","215.33","","11.48","2.6485","2.041","77.5575","77.5575","40.1058","4.0477","0.6377","0.055","4.2657"
"266","247.37","173.16","","10.47","4.2018","2.7826","66.2298","66.2298","51.9904","3.1527","0.4152","0.1006","5.3634"
"267","303.02","212.11","","11.02","2.7025","2.0006","86.4171","86.4171","48.9783","4.4599","0.6498","0.0566","7.4041"
"268","328.67","230.07","","13.13","4.3575","3.0305","58.8895","58.8895","68.7261","3.1186","0.3408","0.1052","8.0623"
"269","342.24","239.57","","13.07","3.2256","2.2368","65.894","65.894","54.2113","3.9536","0.579","0.072","5.8071"
"270","189.08","132.35","","7.12","2.7367","2.3045","100","100","25","3.7728","0.5586","0.0576","5.0353"
"271","65.4","45.78","","3.77","4.0698","2.7559","100","100","25","3.0119","0.4232","0.0967","3.8009"
"272","290.47","203.33","","12.17","4.0533","2.5036","56.5234","56.5234","56.5475","3.5026","0.4989","0.0962","5.0662"
"273","286.58","200.6","","10.4","2.3152","1.6552","88.4937","88.4937","40.9454","4.7655","0.7534","0.0452","5.915"
"274","180.47","126.33","","8.47","4.2563","2.721","67.0119","67.0119","37.0147","2.8749","0.4337","0.1022","2.1735"
"275","201.32","140.93","","9.04","4.1786","2.5937","70.4386","70.4386","46.5889","3.3414","0.4719","0.0999","4.7387"
"276","490.99","343.69","","18.28","2.929","2.3585","40.3606","40.3606","60.7161","3.5603","0.5424","0.0633","3.8189"
"277","472.52","330.77","","16.31","2.2088","2.1075","71.8194","71.8194","61.1446","4.395","0.6178","0.0421","8.1259"
"278","427.7","299.39","","16.68","4.1943","3.5","38.3287","38.3287","68.9257","2.1644","0.2","0.1004","5.3529"
"279","295.7","206.99","","12.04","4.1741","3.3339","56.5992","56.5992","45.7827","2.0929","0.2498","0.0998","2.7081"
"280","56.69","43.58","21","4.01","4.8","3.0946","88.9413","88.9413","28.8617","2.4912","0.3216","0.1211","3.3165"
"281","267.69","187.38","","9.76","2.2993","2.0632","90.0118","90.0118","29.3648","3.9382","0.631","0.0448","3.5705"
"282","163.07","114.15","","8.17","4.8","2.9827","63.9986","63.9986","43.3072","2.6266","0.3552","0.134","3.1544"
"283","417.35","292.14","","15.55","3.1971","2.2972","57.1488","57.1488","63.8636","3.9787","0.5608","0.0711","6.7595"
"284","231.08","161.76","","9.18","3.8356","2.9963","82.6011","82.6011","43.6001","2.8982","0.3511","0.0898","5.7099"
"285","214.56","150.19","","8.33","3.0438","2.5017","89.5723","89.5723","29.3833","3.329","0.4995","0.0666","3.5157"
"286","189.14","132.4","","8","3.5727","2.5447","81.8723","81.8723","32.3024","3.2257","0.4866","0.0821","3.1268"
"287","92.05","64.44","","4.66","4.36","3.1248","95.0583","95.0583","27.5333","2.5094","0.3126","0.1052","3.8434"
"288","200.89","140.62","","7.52","2.9167","2.4713","100","100","31.4268","3.5979","0.5086","0.0629","5.5146"
"289","127.62","89.34","","5.89","4.6112","3.5","88.3892","88.3892","30.8112","2","0.2","0.1126","3.6715"
"290","254.76","178.33","","11.14","4.6448","3.363","50.0328","50.0328","42.5607","2","0.2411","0.1136","1.1199"
"291","556.54","389.58","","20.01","2.6809","2.1742","42.0793","42.0793","71.2833","4.1041","0.5977","0.056","6.3738"
"292","512.63","358.84","","19.36","3.8227","3.1591","32.8506","32.8506","80.111","2.8301","0.3023","0.0895","7.0801"
"293","291.51","204.06","","12.76","4.7103","2.8965","44.6906","44.6906","62.7459","2.9372","0.381","0.1155","4.8453"
"294","635.35","444.75","","22.06","2.5549","1.5","41.1706","41.1706","84.7743","5.5045","0.8327","0.0523","9.2202"
"295","299.12","209.38","","10.76","2.5838","1.9868","89.2365","89.2365","46.9389","4.4708","0.654","0.0531","7.333"
"296","362.97","254.08","","13.91","3.3243","2.631","58.47","58.47","50.5604","3.2073","0.4607","0.0748","4.0097"
"297","185","129.5","","7.15","3.3889","2.5434","100","100","40.5518","3.803","0.487","0.0767","8.1921"
"298","252.98","177.08","","11.87","4.7562","2.7162","41.3041","41.3041","55.4203","2.9505","0.4351","0.1168","2.7801"
"299","355.61","248.93","","13.7","3.3836","2.279","60.7994","60.7994","57.8949","3.9102","0.5663","0.0766","5.9352"
"300","282.14","197.5","","11.18","3.4347","1.9848","74.8826","74.8826","58.9973","4.5565","0.6546","0.0781","8.0637"
"301","439.3","307.51","","17.06","3.5666","2.3893","37.7617","37.7617","65.2799","3.5925","0.5332","0.082","4.4749"
"302","389.17","272.42","","14.93","3.6189","2.6807","53.7529","53.7529","62.2496","3.3594","0.4458","0.0835","5.9496"
"303","228.6","160.02","","9.2","3.65","2.9366","78.5059","78.5059","34.298","2.6855","0.369","0.0844","3.115"
"304","579.56","405.69","","19.93","2.1022","1.9899","56.0892","56.0892","71.3141","4.5714","0.653","0.039","8.2567"
"305","47.27","34.66","22","3.25","4.4064","2.985","100","100","25","2.6382","0.3545","0.1066","3.284"
"306","111.57","78.1","","5.49","3.7225","2.3925","91.3957","91.3957","28.7057","3.49","0.5322","0.0865","3.6109"
"307","562.3","393.61","","20.11","2.9626","1.7152","44.4266","44.4266","85.5342","5.1273","0.7355","0.0642","9.8233"
"308","454.91","318.43","","15.42","1.6172","2.1394","81.3265","81.3265","48.4878","4.1792","0.6082","0.0248","6.6145"
"309","678.39","474.88","","24.64","2.7555","2.3409","15.1518","15.1518","82.3503","3.7418","0.5477","0.0582","5.2026"
"310","78.07","55.08","24","4.68","3.9297","2.2585","92.4614","92.4614","32.8225","3.7933","0.5724","0.0926","4.6592"
"311","207.86","145.5","","8.44","3.9026","3.4447","79.9182","79.9182","25","2","0.2166","0.0918","1.2005"
"312","371.93","260.35","","14.54","3.4681","2.5003","50.5914","50.5914","53.3131","3.3359","0.4999","0.0791","3.5602"
"313","577.5","404.25","","20.71","2.6857","2.1904","39.4787","39.4787","74.199","4.1151","0.5929","0.0561","6.667"
"314","218.12","152.68","","8.46","3.1288","2.2983","90.8535","90.8535","39.0577","3.87","0.5605","0.0691","5.8157"
"315","297.63","208.34","","11.19","3.4335","2.4353","81.8732","81.8732","59.3722","4.0529","0.5194","0.078","9.0823"
"316","363.52","254.46","","13.68","2.9898","2.1931","64.1701","64.1701","51.2765","3.9141","0.5921","0.065","4.9306"
"317","264.72","185.31","","9.47","2.4852","2.3725","96.0006","96.0006","33.9074","3.7175","0.5382","0.0502","5.3719"
"318","260.99","182.69","","9.99","3.2586","2.2154","85.568","85.568","51.8622","4.2236","0.5854","0.0729","7.9249"
"319","280.88","196.62","","10.73","3.481","2.8628","79.0998","79.0998","45.9228","3.0866","0.3912","0.0794","5.752"
"320","440.74","308.52","","15.85","2.4687","2.2408","62.7527","62.7527","52.9003","3.8675","0.5778","0.0497","5.098"
"321","487.53","341.27","","18.35","3.2908","2.3208","38.2917","38.2917","69.3685","3.7971","0.5538","0.0739","5.4454"
"322","161.81","113.27","","7.04","4.2232","2.8976","90.0633","90.0633","46.2959","3.2149","0.3807","0.1012","7.3023"
"323","31.46","30.39","18","2.92","4.3095","2.6683","100","100","26.7966","3.2533","0.4495","0.1037","4.8656"
"324","125.58","87.91","","5.78","4.2298","2.9265","94.1746","94.1746","38.6315","3.0461","0.372","0.1014","6.1667"
"325","321.52","225.06","","13.02","4.1999","3.3526","51.1459","51.1459","49.7868","2.0844","0.2442","0.1005","2.8587"
"326","187.29","131.1","","7.66","3.7279","3.0374","86.5703","86.5703","29.1936","2.5421","0.3388","0.0867","3.072"
"327","461.19","322.83","","17.61","3.377","2.2453","39.025","39.025","67.1947","3.8576","0.5764","0.0764","5.0653"
"328","299.98","209.99","","11.76","3.3615","2.1473","70.2551","70.2551","53.4828","4.1248","0.6058","0.0759","6.2308"
"329","229.36","160.55","","9.03","3.9019","3.0119","85.9921","85.9921","47.993","3.0382","0.3464","0.0918","7.1304"
"330","518.1","362.67","","18.2","2.3817","2.116","57.9246","57.9246","65.9139","4.291","0.6152","0.0472","7.3144"
"331","410.02","287.01","","15","2.954","2.5212","63.9266","63.9266","57.1064","3.605","0.4936","0.064","6.1805"
"332","253.59","177.51","","10.07","3.7822","3.1024","75.3016","75.3016","39.9478","2.55","0.3193","0.0883","3.9289"
"333","228.65","160.05","","10.26","4.3442","2.6304","60.8138","60.8138","51.1882","3.2595","0.4609","0.1048","4.4617"
"334","300.87","210.61","","11.03","2.7025","1.8883","84.9054","84.9054","49.2597","4.5983","0.6835","0.0566","7.2636"
"335","333.14","233.2","","11.59","2.1448","2.2593","91.2014","91.2014","39.4986","3.94","0.5722","0.0402","5.9593"
"336","204.51","143.15","","7.85","3.5511","3.0864","95.0039","95.0039","35.0523","2.7494","0.3241","0.0815","5.4903"
"337","66.43","48.06","23","4.24","4.8","3.1552","89.5802","89.5802","30.708","2.4637","0.3034","0.1274","3.8082"
"338","379.37","265.56","","15.12","3.7328","2.2374","46.0804","46.0804","64.618","3.9114","0.5788","0.0868","5.4433"
"339","73.79","51.74","25","4.35","4.5577","3.0465","91.7995","91.7995","28.9215","2.6023","0.3361","0.111","3.7124"
"340","403.79","282.65","","15.37","3.3369","2.2426","53.3125","53.3125","62.8685","3.9706","0.5772","0.0752","6.0268"
"341","321.46","225.02","","11.88","3.02","2.4673","78.4798","78.4798","48.7708","3.6922","0.5098","0.0659","6.2956"
"342","129.44","90.61","","5.66","3.4555","2.4886","97.2304","97.2304","26.6476","3.3951","0.5034","0.0787","3.9394"
"343","416.19","291.33","","16.59","4.046","2.9549","33.01","33.01","63.9631","2.7096","0.3635","0.096","3.5489"
"344","185.89","130.12","","8.25","3.7172","2.3923","75.7982","75.7982","35.1014","3.4128","0.5323","0.0864","2.9292"
"345","492.91","345.04","","17.57","2.8702","2.7226","59.5611","59.5611","70.0995","3.5865","0.4332","0.0615","8.4544"
"346","234.54","164.18","","8.42","2.6049","2.3451","100","100","32.245","3.9042","0.5465","0.0537","6.6829"
"347","120.9","84.63","","5.71","4.3857","3.0465","92.2714","92.2714","37.6645","2.828","0.336","0.106","5.6991"
"348","257.47","180.23","","10.55","3.8409","2.5538","70.7532","70.7532","50.9205","3.5095","0.4839","0.09","5.7338"
"349","376.53","263.57","","14.25","2.9751","2.4742","58.5693","58.5693","45.7199","3.3034","0.5077","0.0646","2.9581"
"350","296.03","207.22","","11.13","3.2815","2.604","79.9057","79.9057","49.1346","3.535","0.4688","0.0736","6.5665"
"351","276.41","193.49","","10.83","3.3605","2.4506","74.1178","74.1178","44.5307","3.5428","0.5148","0.0759","4.7786"
"352","221.14","154.8","","8.13","3.1718","2.9573","99.8277","99.8277","34.9352","2.9974","0.3628","0.0704","6.1105"
"353","330.07","231.05","","13.21","3.5076","2.347","54.7985","54.7985","49.6472","3.5191","0.5459","0.0802","3.3171"
"354","213.94","149.76","","7.83","2.2513","1.977","100","100","25","4.0571","0.6569","0.0434","3.5737"
"355","282.22","197.55","","10.91","3.3186","2.5198","75.6893","75.6893","44.6635","3.4749","0.4941","0.0747","5.0183"
"356","306.06","214.24","","11.63","3.1008","2.9463","72.7678","72.7678","34.6385","2.5933","0.3661","0.0683","2.4216"
"357","268.57","188","","11.37","4.7809","3.5","56.7439","56.7439","55.8898","2.0134","0.2","0.1176","4.951"
"358","49.54","36.07","22","3.45","3.811","2.3622","100","100","25","3.3698","0.5413","0.0891","2.1871"
"359","397.64","278.35","","15.05","3.1899","2.4003","55.0766","55.0766","55.9208","3.607","0.5299","0.0709","4.7346"
"360","152.82","106.98","","6.13","3.4302","2.8724","100","100","25","2.854","0.3883","0.078","3.8209"
"361","109.9","76.93","","5.17","3.4098","2.086","100","100","33.9146","4.2272","0.6242","0.0774","6.3898"
"362","155.85","109.1","","7.69","4.4975","2.6591","74.594","74.594","48.0092","3.3503","0.4523","0.1093","5.6077"
"363","303.03","212.12","","11.49","3.2434","2.9687","74.6897","74.6897","39.2871","2.708","0.3594","0.0725","3.7016"
"364","114.73","80.31","","5.85","4.8","3.2478","83.8596","83.8596","38.1638","2.4356","0.2757","0.138","4.6824"
"365","553.97","387.78","","20.33","3.0186","2.5004","34.7732","34.7732","73.2165","3.5927","0.4999","0.0659","5.8207"
"366","154.13","107.89","","7.09","3.9102","2.3394","86.5388","86.5388","45.0691","3.8982","0.5482","0.092","6.5604"
"367","313.85","219.7","","11.81","3.4564","2.6912","76.6828","76.6828","55.2703","3.5195","0.4427","0.0787","7.4848"
"368","423.14","296.2","","16.15","3.2031","1.749","49.6763","49.6763","67.4834","4.7093","0.7253","0.0713","6.5552"
"369","119.66","83.77","","6.47","4.6734","2.7219","80.6037","80.6037","48.2995","3.3626","0.4334","0.1144","6.4763"
"370","556.04","389.23","","20.51","2.9293","2.2302","31.1964","31.1964","70.4924","3.8416","0.5809","0.0633","4.7424"
"371","177.17","124.02","","7.07","3.1065","2.2132","96.6336","96.6336","34.6569","3.9649","0.586","0.0685","5.6215"
"372","306.63","214.64","","11.88","3.5821","2.5697","70.9355","70.9355","54.9633","3.5914","0.4791","0.0824","6.6476"
"373","242.27","169.59","","8.68","2.2251","2.1877","98.5637","98.5637","25.6716","3.8048","0.5937","0.0426","3.9032"
"374","149.31","104.52","","7.35","3.6641","1.9553","78.0074","78.0074","37.6213","4.1103","0.6634","0.0848","3.7794"
"375","301.56","211.09","","11.06","3.2359","3.0288","85.1395","85.1395","46.2928","2.9595","0.3414","0.0723","6.6422"
"376","100.9","70.63","","4.64","4.2972","3.2893","100","100","26.8076","2.4437","0.2632","0.1034","5.2545"
"377","569.92","398.94","","20.57","2.9779","2.0966","38.9333","38.9333","80.8557","4.4023","0.621","0.0647","8.0585"
"378","368.36","257.85","","15.43","4.4428","2.6906","33.3187","33.3187","68.9957","3.2035","0.4428","0.1077","4.6974"
"379","203.2","142.24","","7.79","2.8882","2.6103","94.9436","94.9436","25","2.9965","0.4669","0.0621","1.9039"
"380","240.8","168.56","","9.7","3.5873","2.6832","76.1575","76.1575","39.2395","3.1216","0.445","0.0826","3.8877"
"381","54.86","38.57","25","3.43","4.445","3.1027","100","100","25","2.4527","0.3192","0.1077","3.0766"
"382","536.08","375.25","","19.5","2.3268","2.3815","40.9012","40.9012","55.3786","3.4035","0.5355","0.0456","2.717"
"383","509.32","356.52","","18.06","2.9052","2.4346","57.9536","57.9536","75.9412","4.1041","0.5196","0.0626","9.5243"
"384","399.67","279.77","","14.86","3.0434","2.0547","61.429","61.429","61.5172","4.3187","0.6336","0.0666","6.8165"
"385","88.01","62.87","23","5.54","4.8","3.0425","71.7004","71.7004","25","2.0166","0.3372","0.1189","0"
"386","621.55","435.09","","20.73","1.8071","1.5","57.9426","57.9426","72.0623","5.5174","0.8492","0.0303","8.6695"
"387","274.7","192.29","","11.14","3.9645","2.8698","66.6276","66.6276","49.7148","2.982","0.3891","0.0936","4.9161"
"388","428.72","300.1","","15.77","3.1808","2.3642","59.3589","59.3589","66.869","3.9954","0.5407","0.0706","7.7166"
"389","-26.83","20.04","11","1.33","4.7792","2.7527","100","100","25","3.0401","0.4242","0.1175","4.0109"
"390","337.63","236.34","","12.9","2.6742","2.7107","61.9244","61.9244","25.382","2.5209","0.4368","0.0558","0"
"391","419.48","293.64","","15.42","3.0169","1.8303","62.1725","62.1725","68.9669","4.8248","0.7009","0.0658","8.555"
"392","239.19","167.44","","10.12","3.6323","2.0942","71.326","71.326","49.8875","4.1243","0.6217","0.0839","5.5832"
"393","450.92","315.64","","17.4","3.5645","2.4681","37.2214","37.2214","66.6743","3.5109","0.5096","0.0819","4.7093"
"394","400.84","280.59","","15.71","3.5812","1.8555","48.9752","48.9752","73.0412","4.6911","0.6933","0.0824","7.684"
"395","438.96","307.27","","15.67","2.0939","1.5","62.533","62.533","47.9944","4.8893","0.8282","0.0388","3.9893"
"396","111.84","78.29","","5.8","4.8","3.159","85.05","85.05","41.0498","2.6481","0.3023","0.1288","5.4768"
"397","547.55","383.29","","19.23","2.0403","1.9131","51.8001","51.8001","60.2884","4.3362","0.6761","0.0372","5.2567"
"398","203.42","142.4","","9.7","4.6139","2.8648","54.5695","54.5695","42.81","2.6327","0.3906","0.1127","1.7823"
"399","132","92.4","","5.53","3.5511","2.7265","100","100","25","3.2702","0.4321","0.0815","5.7185"
"400","561.72","393.21","","20.11","2.4053","2.1906","42.7623","42.7623","65.4291","3.9456","0.5928","0.0479","5.1774"
"401","454.31","318.02","","16.69","2.9332","2.4821","53.7529","53.7529","60.3461","3.585","0.5054","0.0634","5.5309"
"402","111.56","79.25","24","6.45","4.748","2.5758","80.0034","80.0034","53.5452","3.6856","0.4773","0.1166","7.55"
"403","92.98","65.09","","4.67","3.6401","2.2527","100","100","31.7693","4.0627","0.5742","0.0841","6.959"
"404","119.39","83.58","","6.39","4.5369","2.7528","78.7632","78.7632","39.7736","3.079","0.4242","0.1104","4.3541"
"405","272.16","190.51","","10.59","3.4442","2.8107","75.5144","75.5144","40.2284","2.9614","0.4068","0.0784","4.0191"
"406","286.4","200.48","","10.45","2.9253","1.993","90.677","90.677","56.0632","4.7122","0.6521","0.0631","9.5333"
"407","527.21","369.05","","19.61","2.7949","3.0443","35.5846","35.5846","58.897","2.4993","0.3367","0.0593","2.7791"
"408","331.31","231.92","","12.71","3.3668","2.3292","67.6394","67.6394","55.8955","3.8952","0.5512","0.0761","6.4113"
"409","337.8","236.46","","14.41","4.8","3.5","26.9328","26.9328","49.765","2","0.2","0.14","0"
"410","410.23","287.16","","13.64","2.0741","1.5","87.3177","87.3177","55.7212","6","0.9","0.0382","9.0082"
"411","297.6","208.32","","11.44","2.6183","2.1181","70.3747","70.3747","29.1749","3.5591","0.6146","0.0541","0.8991"
"412","203.4","142.38","","8.98","4.2451","2.6667","73.7523","73.7523","50.6787","3.3938","0.45","0.1019","6.0822"
"413","395.3","276.71","","13.56","1.7493","1.6595","83.1062","83.1062","44.4065","4.7642","0.7522","0.0286","5.9549"
"414","61.34","46.2","21","4.28","3.7272","1.9977","91.6189","91.6189","28.0613","4.0201","0.6507","0.0867","3.499"
"415","330.53","231.37","","13.27","3.9538","2.7892","54.2516","54.2516","56.3513","3.0703","0.4132","0.0933","4.7188"
"416","66.79","53.92","20","4.9","4.8","2.7294","81.2486","81.2486","38.1474","3.1083","0.4312","0.1206","4.3292"
"417","394.63","276.24","","14.29","2.7408","2.0966","69.7716","69.7716","56.9112","4.2729","0.621","0.0577","6.9203"
"418","169.38","118.56","","8.02","3.5239","1.953","73.0644","73.0644","32.9299","3.9209","0.6641","0.0807","2.0854"
"419","593.36","415.35","","22.15","3.2517","2.9528","19.9497","19.9497","77.5526","2.8535","0.3642","0.0727","4.7896"
"420","278.19","194.73","","12.42","4.3743","2.2748","49.6636","49.6636","64.9676","3.9233","0.5676","0.1056","6"
"421","239.08","167.36","","9.77","3.8724","2.7212","75.7532","75.7532","47.4538","3.2686","0.4336","0.0909","5.6407"
"422","415.52","290.86","","16.01","3.7373","2.4103","48.4113","48.4113","72.4572","3.9052","0.5269","0.087","7.48"
"423","-7.78","25.67","13","2.29","4.545","2.482","92.3883","92.3883","25","3.2164","0.5054","0.1107","2.2866"
"424","227.46","159.23","","8.15","2.2972","2.103","100","100","25","4.1168","0.6191","0.0447","5.6244"
"425","222.56","155.8","","8.86","3.5454","2.5782","85.3825","85.3825","43.1746","3.5048","0.4765","0.0813","5.9888"
"426","391.81","274.27","","14.35","2.6835","2.1098","66.006","66.006","51.392","4.0595","0.6171","0.056","5.2018"
"427","37.62","29.28","20","2.96","4.7201","3.2897","100","100","25","2","0.2631","0.1158","0.9642"
"428","75.78","53.04","","4.11","3.7261","2.4945","100","100","25","3.1857","0.5016","0.0866","2.1674"
"429","301.22","210.86","","11.63","3.6411","2.9924","71.4123","71.4123","48.1058","2.846","0.3523","0.0841","5.2028"
"430","375.23","262.66","","14.22","3.4466","2.2819","62.3642","62.3642","65.893","4.13","0.5654","0.0784","7.9044"
"431","162.88","114.01","","7.8","4.8","3.1249","72.6872","72.6872","46.5525","2.6444","0.3125","0.1244","5.0318"
"432","170.8","119.56","","7.35","3.3539","2.0201","89.5528","89.5528","40.4203","4.2668","0.644","0.0757","5.9413"
"433","107.24","75.07","","4.94","3.3045","2.1608","100","100","25","4.1058","0.6018","0.0743","6.2264"
"434","284.44","199.11","","11.19","3.9148","2.696","74.5508","74.5508","60.8602","3.6202","0.4412","0.0922","8.4291"
"435","307.08","214.96","","12.69","4.035","2.2487","59.4879","59.4879","67.9928","4.1843","0.5754","0.0957","7.9811"
"436","318.87","223.21","","11.76","2.6799","2.2193","78.2443","78.2443","41.4679","3.847","0.5842","0.0559","4.6574"
"437","283.4","198.38","","10.7","2.8071","2.6827","78.731","78.731","28.4697","2.8923","0.4452","0.0597","1.863"
"438","297.38","208.17","","11.42","3.3706","2.9344","72.499","72.499","40.3557","2.7485","0.3697","0.0762","3.6433"
"439","641.17","448.82","","22.73","2.5283","2.8116","37.9291","37.9291","81.991","3.4322","0.4065","0.0515","8.1738"
"440","474.32","332.02","","17.57","2.8544","2.0052","45.8232","45.8232","61.8553","4.1577","0.6484","0.0611","4.801"
"441","138.64","97.05","","6.28","4.3637","2.9997","92.021","92.021","43.5286","3.0352","0.3501","0.1053","6.9556"
"442","132.21","92.54","","5.64","3.7659","2.7364","100","100","33.3091","3.3898","0.4291","0.0878","6.8904"
"443","448.02","313.61","","17.05","3.2073","2.4205","41.508","41.508","58.6759","3.4415","0.5238","0.0714","3.5237"
"444","352.2","246.54","","14.6","4.3623","2.6563","42.2494","42.2494","69.2928","3.3941","0.4531","0.1053","5.9587"
"445","503.57","352.5","","17.45","1.8679","1.8959","64.0401","64.0401","54.9065","4.4115","0.6812","0.0321","5.7118"
"446","63.8","44.66","","3.68","4.569","3.3783","100","100","25","2","0.2365","0.1114","0"
"447","161.41","112.99","","7.65","4.8","3.4609","68.558","68.558","31.0166","2","0.2117","0.121","1.061"
"448","124.9","87.43","","5.93","4.2766","3.017","87.6029","87.6029","31.11","2.6336","0.3449","0.1028","3.6319"
"449","354.97","248.48","","13.61","3.8245","2.863","63.0752","63.0752","64.2462","3.3005","0.3911","0.0895","7.6373"
"450","351.73","246.21","","13.43","3.6893","2.8557","64.2022","64.2022","60.0637","3.2232","0.3933","0.0856","6.8681"
"451","486.48","340.53","","17.46","2.7769","2.6991","57.6826","57.6826","64.8743","3.4595","0.4403","0.0588","7.0533"
"452","450.13","315.09","","15.79","2.5682","2.0458","70.1462","70.1462","65.4986","4.5631","0.6363","0.0527","8.8597"
"453","71.5","50.05","","4","3.8089","2.5815","100","100","25","2.9286","0.4755","0.0891","0.9584"
"454","370.88","259.61","","13.8","3.3037","3.1156","67.0153","67.0153","52.1527","2.7109","0.3153","0.0742","5.5043"
"455","320.52","224.36","","13.03","3.8369","2.4037","55.4112","55.4112","57.8423","3.6554","0.5289","0.0899","5.2021"
"456","35.93","44.22","17","4.28","4.7485","2.5653","73.0182","73.0182","25","2.6739","0.4804","0.1166","0"
"457","86.52","60.56","","4.35","3.7813","2.6229","100","100","25","3.1605","0.4631","0.0883","3.4992"
"458","249.87","174.91","","10.61","3.8587","2.6376","61.6756","61.6756","39.8809","2.9801","0.4587","0.0905","2.0895"
"459","340.98","238.69","","13.57","3.6644","2.7949","51.9262","51.9262","47.8158","2.8137","0.4115","0.0848","2.5296"
"460","205.34","143.74","","7.6","2.6219","2.3913","100","100","25","3.534","0.5326","0.0542","3.9832"
"461","91.96","64.37","","4.88","4.2335","2.7787","93.0089","93.0089","31.9927","3.0657","0.4164","0.1015","4.55"
"462","377.14","264","","13.29","2.3106","2.219","80.484","80.484","46.9695","4.019","0.5843","0.0451","6.1677"
"463","481.42","336.99","","18.08","3.4411","2.948","40.788","40.788","68.295","2.9458","0.3656","0.0783","5.5435"
"464","125.71","88","","5.62","3.5145","2.2204","100","100","38.0316","4.1524","0.5839","0.0804","7.3577"
"465","372.91","261.04","","13.14","2.4354","2.3193","81.7629","81.7629","49.2444","3.9575","0.5542","0.0488","6.8394"
"466","196.59","137.62","","8.26","3.8371","2.6475","82.8562","82.8562","42.2536","3.3481","0.4558","0.0899","5.4478"
"467","146.48","102.53","","6.04","2.7049","1.8951","100","100","25","4.0865","0.6815","0.0567","2.8418"
"468","262.84","183.98","","9.43","2.6731","2.1602","96.9315","96.9315","44.1859","4.2806","0.6019","0.0557","7.7578"
"469","63.7","45.75","23","3.92","3.9503","2.3402","100","100","32.7477","3.9849","0.5479","0.0932","7.333"
"470","327.36","229.15","","11.61","2.4103","2.8183","88.9274","88.9274","35.9435","3.0478","0.4045","0.048","4.8726"
"471","317.21","222.05","","12.17","3.1478","3.1546","67.2092","67.2092","31.7617","2.1504","0.3036","0.0697","1.0443"
"472","152.43","106.7","","7.22","4.2142","2.5822","81.7979","81.7979","44.7535","3.4843","0.4753","0.101","5.8561"
"473","349.87","244.91","","13.35","2.9093","1.8161","64.0003","64.0003","51.4249","4.4336","0.7052","0.0627","4.9405"
"474","154.95","108.47","","7.44","4.8","3.1943","74.8384","74.8384","43.8787","2.5148","0.2917","0.1211","4.7317"
"475","392.44","274.71","","14.38","2.8008","1.922","66.8284","66.8284","58.3884","4.505","0.6734","0.0595","6.8512"
"476","232.2","162.54","","9.78","4.2518","2.8612","72.6662","72.6662","53.1516","3.1716","0.3916","0.1021","6.4808"
"477","212.12","148.48","","9.46","4.5115","2.972","66.1223","66.1223","48.5492","2.8047","0.3584","0.1097","4.592"
"478","204.25","142.98","","8.54","4.3892","3.2285","80.9499","80.9499","48.0763","2.6657","0.2814","0.1061","6.4736"
"479","279.94","195.96","","10.71","3.4719","2.5903","80.0896","80.0896","51.4662","3.615","0.4729","0.0792","7.1041"
"480","216.76","151.73","","9.19","3.8332","2.7083","72.6352","72.6352","37.2826","2.9847","0.4375","0.0898","2.9855"
"481","148.05","103.64","","6.06","2.9943","2.286","100","100","25","3.5462","0.5642","0.0652","2.8177"
"482","381.2","266.84","","15.9","3.8471","2.1754","29.6076","29.6076","57.7321","3.5738","0.5974","0.0902","1.7224"
"483","246.91","172.83","","9.24","2.9656","2.1228","92.4303","92.4303","46.4653","4.3205","0.6131","0.0643","7.6565"
"484","246.7","172.69","","9.12","2.9008","2.0371","95.3077","95.3077","48.7168","4.5385","0.6389","0.0624","8.5372"
"485","193.33","135.33","","9.58","4.2662","2.1636","59.3899","59.3899","50.1297","3.8532","0.6009","0.1025","4.0381"
"486","107.04","75.56","24","6.34","4.5308","2.5904","72.198","72.198","35.0111","3.0833","0.4729","0.1102","2.4272"
"487","491.68","344.17","","19.07","3.8413","2.7086","25.9557","25.9557","74.755","3.2108","0.4374","0.09","4.9784"
"488","405.28","283.69","","15.67","3.4995","2.5357","46.5654","46.5654","59.2624","3.3748","0.4893","0.08","4.33"
"489","70","49","","3.98","3.6051","2.2456","100","100","25","3.7827","0.5763","0.0831","4.4102"
"490","98.41","68.89","","5.5","4.5462","2.9035","82.5696","82.5696","32.2618","2.7419","0.379","0.1107","3.2113"
"491","177.79","124.46","","7.34","3.4426","2.6967","87.8497","87.8497","25.992","2.9499","0.441","0.0783","2.539"
"492","246.7","172.69","","9.97","3.6262","2.618","74.5641","74.5641","42.2949","3.2634","0.4646","0.0837","4.3465"
"493","65.13","45.59","","3.83","3.7549","2.3633","100","100","25","3.6813","0.541","0.0875","4.9409"
"494","106.93","74.85","","5.14","3.6405","2.4688","95.024","95.024","25.3327","3.3559","0.5093","0.0841","3.3547"
"495","419.79","293.86","","15.63","3.4482","2.3697","58.4628","58.4628","72.2662","4.1091","0.5391","0.0785","8.784"
"496","483.45","338.41","","17.66","2.5081","2.3014","48.7673","48.7673","53.5324","3.5872","0.5596","0.0509","3.3642"
"497","162.77","113.94","","7.75","3.9732","2.4238","73.6405","73.6405","35.4103","3.3444","0.5229","0.0939","2.7082"
"498","438.59","307.02","","16.6","3.3664","2.6428","46.4558","46.4558","62.1796","3.2988","0.4572","0.0761","4.9571"
"499","291.72","204.2","","11.07","3.224","2.1169","80.8953","80.8953","56.3812","4.4011","0.6149","0.0719","8.2933"
"500","22.66","32.07","16","3.14","4.4364","2.5486","90.6268","90.6268","25","3.1407","0.4854","0.1075","2.4258"
"501","278.11","194.68","","11.03","3.4364","2.3669","71.5653","71.5653","47.0851","3.6829","0.5399","0.0781","4.9988"
"502","447.22","313.05","","18.14","4.2057","2.181","26.649","26.649","83.3648","4.162","0.5957","0.1007","6.9654"
"503","594.68","416.28","","21.3","2.4066","2.3283","37.2618","37.2618","68.7189","3.7548","0.5515","0.0479","5.1645"
"504","295.19","206.63","","10.82","3.0012","2.785","85.8653","85.8653","41.9953","3.1983","0.4145","0.0654","5.794"
"505","540.54","378.38","","19.05","2.1992","1.7624","51.0768","51.0768","63.4647","4.6118","0.7213","0.0418","5.8586"
"506","487.07","340.95","","18.5","3.0449","2.2575","32.9978","32.9978","58.9479","3.543","0.5727","0.0667","2.4439"
"507","211.12","147.78","","8.49","3.5459","2.7271","84.5469","84.5469","35.688","3.1003","0.4319","0.0813","4.2298"
"508","124.68","87.27","","6.64","4.2413","2.3936","78.7785","78.7785","40.996","3.6037","0.5319","0.1017","4.6251"
"509","230.23","161.16","","9.29","3.72","2.8064","79.0393","79.0393","40.5308","3.0284","0.4081","0.0865","4.5577"
"510","388.92","272.24","","14.16","2.6218","2.298","68.5575","68.5575","48.42","3.7652","0.5606","0.0542","4.8897"
"511","390.75","273.53","","14.69","3.4866","2.7612","60.0685","60.0685","62.1958","3.3435","0.4216","0.0796","6.7835"
"512","663.22","464.25","","24.79","3.4601","2.1851","4.9171","4.9171","92.5045","4.0541","0.5945","0.0788","6.066"
"513","33.24","47.48","17","4.46","4.6844","2.2093","78.6673","78.6673","40.6986","3.848","0.5872","0.1147","4.5448"
"514","94.31","66.02","","4.6","4.5749","3.5","95.8132","95.8132","25","2","0.2","0.1115","3.3459"
"515","-21.59","23.28","11","1.75","4.3225","2.1871","100","100","30.2217","4.0219","0.5939","0.1041","5.8069"
"516","84.59","60.28","24","5.03","4.8","2.9377","88.9297","88.9297","43.6232","3.0757","0.3687","0.12","6.5625"
"517","250.8","175.56","","9.76","3.1153","2.0987","83.2824","83.2824","44.9021","4.1754","0.6204","0.0687","6.0876"
"518","382.07","267.45","","14.25","3.0267","2.4519","62.8849","62.8849","52.3129","3.5646","0.5144","0.0661","4.9865"
"519","521.64","365.14","","17.89","1.6764","1.5542","63.1329","63.1329","55.4517","4.8811","0.7837","0.0265","5.7102"
"520","117.89","82.52","","5.54","3.8454","2.6518","92.8885","92.8885","28.6921","3.1558","0.4545","0.0901","3.8078"
"521","264.32","185.02","","11.13","4.5588","3.5","56.8303","56.8303","44.8802","2","0.2","0.1111","2.5405"
"522","588.6","412.02","","20.24","1.8038","2.4918","59.5393","59.5393","66.9503","3.8247","0.5024","0.0302","7.7587"
"523","570.27","399.19","","20.88","2.6849","2.2731","31.4467","31.4467","66.9412","3.6977","0.5681","0.0561","3.9947"
"524","380.03","266.02","","14.39","3.4607","2.4378","60.9277","60.9277","63.9654","3.8455","0.5187","0.0788","7.2879"
"525","176.88","123.82","","7.41","3.4071","2.355","88.5713","88.5713","33.9859","3.6305","0.5435","0.0773","4.3943"
"526","210.51","147.36","","9.23","3.945","2.2469","75.2824","75.2824","53.7839","4.0719","0.5759","0.0931","6.9703"
"527","236.92","165.85","","10.23","4.179","2.7341","64.4996","64.4996","47.9049","3.0909","0.4298","0.0999","4.2329"
"528","244.27","170.99","","9.33","3.3287","2.7582","86.914","86.914","39.3632","3.1854","0.4225","0.075","5.3553"
"529","227.38","159.17","","10.38","4.2764","2.5793","56.0097","56.0097","45.4799","3.114","0.4762","0.1028","2.5625"
"530","102.51","71.75","","5.55","3.637","2.1393","85.291","85.291","25","3.6345","0.6082","0.084","1.8189"
"531","415.45","290.82","","15.87","3.3631","2.3219","48.9826","48.9826","62.1578","3.7779","0.5534","0.076","5.2907"
"532","465.01","325.5","","16.74","2.6873","2.2924","58.6633","58.6633","61.2941","3.9442","0.5623","0.0562","6.397"
"533","338.78","237.14","","12.91","3.4387","2.7256","66.6573","66.6573","52.6783","3.2547","0.4323","0.0782","5.572"
"534","64.61","45.23","","3.71","4.216","2.8961","100","100","25","2.9135","0.3812","0.101","4.6318"
"535","250.1","175.07","","9.16","2.6274","2.4249","93.2915","93.2915","30.9027","3.5292","0.5225","0.0544","4.3481"
"536","126.01","88.21","","5.94","3.6013","2.4254","88.8027","88.8027","25","3.2827","0.5224","0.083","2.1855"
"537","183.7","128.59","","8.78","4.1156","2.1352","71.6391","71.6391","53.3267","4.1587","0.6094","0.0981","6.3818"
"538","205.8","144.06","","8.54","3.5341","2.4854","80.9837","80.9837","36.3593","3.3951","0.5044","0.081","3.9003"
"539","375.31","262.72","","16.01","4.6664","2.9301","22.5984","22.5984","66.7099","2.6539","0.371","0.1142","2.7589"
"540","143.34","100.34","","6.61","4.0048","2.4257","91.2712","91.2712","47.6711","3.9166","0.5223","0.0948","7.7666"
"541","182.1","127.47","","7.83","3.7391","2.1273","90.1763","90.1763","55.4767","4.5053","0.6118","0.087","9.3372"
"542","145.03","101.52","","6.56","4.1711","3.1919","83.4444","83.4444","25","2.1263","0.2924","0.0997","1.2833"
"543","10.06","23.43","14","2.22","4.8","3.0942","100","100","25","2.5242","0.3217","0.1292","3.6032"
"544","64.14","45.64","24","3.93","3.9481","2.3725","100","100","32.5311","3.8236","0.5383","0.0931","6.3048"
"545","499.95","349.96","","17.46","2.1571","1.9281","62.104","62.104","60.1956","4.47","0.6716","0.0406","6.6161"
"546","250.23","175.16","","11.06","3.9417","2.1072","59.3729","59.3729","53.6111","4.0176","0.6178","0.093","4.8018"
"547","142.91","100.04","","5.84","3.4188","2.6986","100","100","25","3.2319","0.4404","0.0776","5.0434"
"548","372.94","261.05","","14.06","3.1682","2.1856","62.9402","62.9402","58.352","4.0826","0.5943","0.0703","6.3225"
"549","164.94","115.46","","6.58","3.0065","2.1991","99.3742","99.3742","30.7587","3.9286","0.5903","0.0655","5.1309"
"550","209.94","146.96","","8.75","4.2523","2.6206","87.3508","87.3508","66.1012","4.0496","0.4638","0.1021","11.2962"
"551","404.54","283.18","","15.52","3.6784","2.6019","51.089","51.089","67.1367","3.5495","0.4694","0.0852","6.6681"
"552","146.19","102.33","","6.7","4.4246","3.2103","82.9469","82.9469","33.443","2.3553","0.2869","0.1071","3.5216"
"553","279.03","195.32","","10.84","3.5752","2.7032","75.9743","75.9743","48.9351","3.3338","0.439","0.0822","5.9962"
"554","327.37","229.16","","12.48","3.1891","2.6005","68.0576","68.0576","44.9263","3.2543","0.4699","0.0709","4.0541"
"555","283.3","198.31","","12.18","3.9528","2.2667","52.5494","52.5494","53.0036","3.6793","0.57","0.0933","3.7544"
"556","238.41","166.89","","9.2","3.3885","2.3677","89.1515","89.1515","50.2675","4.0289","0.5397","0.0767","8.0539"
"557","310.75","217.52","","12.76","3.7141","2.3524","54.0487","54.0487","50.9935","3.5339","0.5443","0.0863","3.5129"
"558","413.78","289.65","","15.36","3.2176","2.3073","59.5762","59.5762","65.3363","4.0386","0.5578","0.0717","7.4085"
"559","442.35","309.64","","15","1.6923","2.4512","85.5728","85.5728","48.3429","3.8115","0.5146","0.027","7.1513"
"560","560.03","392.02","","21.95","3.7481","2.177","6.0736","6.0736","79.8322","3.766","0.5969","0.0873","3.4329"
"561","262.56","183.8","","11.09","4.2583","2.8224","61.8381","61.8381","53.6928","3.0737","0.4033","0.1022","5.1499"
"562","411.63","288.14","","15.21","2.9587","1.9279","60.9377","60.9377","63.0338","4.5235","0.6716","0.0641","7.0843"
"563","271","189.7","","11.29","3.8768","2.444","63.2294","63.2294","51.92","3.5708","0.5168","0.0911","4.9462"
"564","604.07","422.85","","21.98","2.8584","2.6814","29.9404","29.9404","76.7851","3.3595","0.4456","0.0612","5.9586"
"565","224.53","157.17","","9.86","3.6665","2.1524","65.9745","65.9745","41.2249","3.7463","0.6043","0.0849","2.9609"
"566","246.81","172.76","","9.5","3.0751","2.3535","84.7708","84.7708","38.2898","3.6824","0.544","0.0675","4.8322"
"567","28.52","28.14","18","2.78","4.4385","2.8509","100","100","25","2.8516","0.3947","0.1075","3.5394"
"568","282.34","197.64","","10.37","2.7633","2.2772","87.2608","87.2608","41.3038","3.9005","0.5668","0.0584","5.8287"
"569","174.85","122.4","","7.12","3.7495","2.766","94.6291","94.6291","40.5431","3.3215","0.4202","0.0873","6.6481"
"570","345.87","242.11","","13.08","3.0309","2.3072","66.4605","66.4605","48.2044","3.7152","0.5578","0.0662","4.5614"
"571","309.82","216.88","","11.8","3.4196","2.7361","73.3786","73.3786","49.5103","3.2635","0.4292","0.0776","5.7751"
"572","297.32","208.12","","12.67","4.8","3.2476","47.5012","47.5012","62.5983","2.4936","0.2757","0.1308","5.1892"
"573","220.27","154.19","","8.15","3.3853","2.837","100","100","44.0983","3.4214","0.3989","0.0766","8.3858"
"574","103.01","72.11","","5.63","4.3737","2.6099","87.0722","87.0722","40.9427","3.4312","0.467","0.1056","5.724"
"575","117.85","82.49","","6.44","4.8","2.9009","77.4783","77.4783","44.2268","2.9671","0.3797","0.1243","5.1618"
"576","184.12","128.89","","7.49","3.6721","2.9274","89.3906","89.3906","31.5676","2.7954","0.3718","0.085","3.972"
"577","92.54","64.78","","4.65","3.4071","2.1966","98.5367","98.5367","25","3.6955","0.591","0.0773","3.0491"
"578","460.57","322.4","","16.06","2.1184","1.5","67.1199","67.1199","56.5008","5.1955","0.8334","0.0395","6.4749"
"579","137.65","96.36","","6.82","4.2539","2.397","85.8435","85.8435","51.7571","3.9756","0.5309","0.1021","7.9387"
"580","207.14","145","","8.37","3.246","2.3476","85.0509","85.0509","33.6421","3.5785","0.5457","0.0725","3.8472"
"581","200.95","140.67","","8.56","4.0372","2.8476","77.7204","77.7204","41.0596","2.9649","0.3957","0.0958","4.4974"
"582","400.89","280.62","","15.04","3.0913","2.6144","56.9315","56.9315","52.4471","3.254","0.4657","0.068","4.2188"
"583","564.47","395.13","","20.87","2.9259","2.6944","29.5491","29.5491","68.9314","3.1394","0.4417","0.0632","4.1784"
"584","201.82","141.27","","7.97","3.2629","2.4257","91.5086","91.5086","36.7849","3.648","0.5223","0.073","5.4034"
"585","148","105.06","24","8.43","4.8","2.2338","66.1171","66.1171","64.6526","4.2221","0.5798","0.1241","8.134"
"586","141.51","99.06","","6.63","3.6344","2.0291","90.3809","90.3809","43.9616","4.3556","0.6413","0.0839","6.8312"
"587","311.02","217.71","","12.03","3.1301","2.3043","68.1497","68.1497","43.8564","3.6363","0.5587","0.0691","3.8311"
"588","337.62","236.33","","12.96","3.416","2.7181","64.1285","64.1285","49.7723","3.154","0.4346","0.0775","4.5941"
"589","236.09","165.26","","8.62","2.9287","2.6696","97.8337","97.8337","35.6848","3.3814","0.4491","0.0632","6.0084"
"590","624.14","436.9","","21.99","2.0831","2.3431","40.5929","40.5929","69.4057","3.8023","0.5471","0.0384","5.7617"
"591","399.14","279.4","","14.4","2.6439","1.939","69.674","69.674","57.1034","4.4929","0.6683","0.0549","6.9495"
"592","61.75","43.69","24","3.82","3.9794","2.4944","98.8779","98.8779","28.191","3.4508","0.5017","0.0941","4.4996"
"593","276.44","193.51","","11.35","3.3833","2.3635","60.6242","60.6242","35.7242","3.2371","0.541","0.0766","1.0342"
"594","168.96","118.27","","7.87","4.8","3.4729","68.9136","68.9136","33.8999","2","0.2081","0.1241","1.7429"
"595","216.75","151.73","","9.67","4.2451","2.7492","63.7952","63.7952","43.6153","2.9522","0.4252","0.1019","3.1949"
"596","533.13","373.19","","18.54","1.9275","2.49","62.5021","62.5021","59.0024","3.6736","0.503","0.0339","6.4069"
"597","198.58","139.01","","9.19","4.4369","2.6967","65.9667","65.9667","49.0017","3.1921","0.441","0.1075","4.6707"
"598","293.09","205.16","","12.02","3.6377","2.2715","59.9367","59.9367","50.2021","3.7151","0.5686","0.084","4.1273"
"599","366.36","256.45","","13.55","2.9607","2.0795","69.6093","69.6093","57.1335","4.2995","0.6262","0.0642","6.9475"
"600","213.87","149.71","","7.94","2.6206","1.7436","100","100","40.6125","4.9591","0.7269","0.0542","8.6876"
"601","305.42","213.79","","12.56","4.4892","3.5","51.2295","51.2295","51.2843","2","0.2","0.109","3.1994"
"602","275.77","193.04","","11.66","4.3941","2.6615","61.6356","61.6356","65.7363","3.5929","0.4515","0.1062","7.7723"
"603","546.61","382.62","","19.76","2.861","2.0536","41.9842","41.9842","74.8882","4.3586","0.6339","0.0613","7.1542"
"604","448.93","314.25","","16.42","3.1898","2.4308","57.7068","57.7068","69.9333","3.9553","0.5208","0.0709","8.1695"
"605","293.21","205.25","","10.07","1.8986","2.2615","100","100","29.1259","3.8615","0.5716","0.033","5.2951"
"606","-64.23","16.68","11","0.49","4.1299","1.7989","100","100","25","4.2136","0.7103","0.0985","2.7963"
"607","370.29","259.21","","13.39","2.778","2.2337","75.0032","75.0032","54.4285","4.102","0.5799","0.0588","7.0747"
"608","303.39","212.37","","11.36","2.5949","2.0726","76.9841","76.9841","36.3104","3.9006","0.6282","0.0535","3.354"
"609","143.82","100.68","","6.08","3.7273","2.9345","95.2974","95.2974","26.378","2.7459","0.3697","0.0867","3.6213"
"610","168.55","117.98","","7.84","4.4145","2.8808","75.0761","75.0761","42.3084","2.9103","0.3858","0.1068","4.418"
"611","74.9","52.43","","4.16","3.3355","1.9615","100","100","25","4.2248","0.6616","0.0752","4.8619"
"612","264.09","184.86","","9.79","2.6677","2.0455","88.9309","88.9309","39.4908","4.1991","0.6363","0.0556","5.6535"
"613","232.14","162.5","","8.97","3.0334","2.4257","86.5772","86.5772","32.9509","3.4771","0.5223","0.0663","3.8995"
"614","416.23","291.36","","16.65","3.9567","2.3759","35.5332","35.5332","70.998","3.72","0.5372","0.0934","5.4344"
"615","334.12","233.88","","14.46","4.767","3.1312","29.5253","29.5253","60.3163","2.323","0.3106","0.1172","2.2799"
"616","364.73","255.31","","13.49","3.0777","2.3809","69.9769","69.9769","56.0679","3.864","0.5357","0.0676","6.7623"
"617","298.81","209.17","","11.7","3.8755","2.5205","73.4123","73.4123","65.9274","3.9708","0.4938","0.091","9.3914"
"618","505.74","354.02","","18.4","3.1261","2.3216","48.4818","48.4818","75.7403","4.1103","0.5535","0.069","8.2117"
"619","80.01","56","","4.49","4.4974","2.9596","94.635","94.635","34.3672","2.901","0.3621","0.1093","5.2902"
"620","671.5","470.05","","22.97","1.8685","1.7798","42.8067","42.8067","76.0952","4.7777","0.716","0.0321","7.5298"
"621","270.32","189.22","","10.23","3.0535","2.4362","82.9107","82.9107","40.6097","3.5984","0.5192","0.0669","5.0935"
"622","152.23","106.56","","6.88","3.5713","2.175","88.226","88.226","37.9543","3.972","0.5975","0.0821","5.2211"
"623","84.38","59.55","24","5.14","4.6199","2.9682","79.3792","79.3792","25.4395","2.4339","0.3596","0.1129","1.2831"
"624","354.91","248.44","","12.96","2.129","2.1846","72.3398","72.3398","30.0851","3.5203","0.5946","0.0398","1.3625"
"625","365.1","255.57","","12.72","2.0553","1.827","84.216","84.216","44.9603","4.5646","0.7019","0.0376","6.2254"
"626","211.46","148.03","","9.64","4.5384","3.0578","58.6358","58.6358","40.7196","2.377","0.3327","0.1105","1.8669"
"627","65.96","46.34","25","3.85","4.2474","2.7639","100","100","30.7898","3.3178","0.4208","0.1019","6.5899"
"628","257.55","180.28","","9.96","3.5603","2.4283","84.9114","84.9114","56.1138","4.0273","0.5215","0.0818","8.7723"
"629","92.8","64.96","","5.15","4.2226","2.6855","86.9685","86.9685","28.9735","3.0264","0.4443","0.1012","3.0769"
"630","213.81","149.67","","9.54","3.8087","2.1817","68.0547","68.0547","44.7891","3.8267","0.5955","0.0891","4.0235"
"631","135.57","94.9","","6.27","3.8897","2.8516","86.0747","86.0747","25","2.4892","0.3945","0.0914","0.3594"
"632","180.8","126.56","","8.89","4.8","2.8636","61.8065","61.8065","50.3009","2.9318","0.3909","0.1373","4.3994"
"633","138.62","97.03","","6.1","3.0508","1.7916","97.2655","97.2655","34.6946","4.5552","0.7125","0.0668","5.7144"
"634","222.6","155.82","","10.16","4.8","3.2964","52.8965","52.8965","43.3211","2.0266","0.2611","0.1273","1.6707"
"635","175.09","122.56","","7.51","3.9996","2.7504","86.9441","86.9441","43.0307","3.2882","0.4249","0.0947","6.1662"
"636","366.56","256.59","","14.68","4.0099","2.9543","44.1758","44.1758","57.564","2.7203","0.3637","0.095","3.6363"
"637","212.88","149.01","","8.56","3.5141","2.6151","84.9402","84.9402","38.0904","3.3203","0.4655","0.0804","4.811"
"638","538.99","377.29","","19.83","2.8702","3.0574","38.7153","38.7153","65.7745","2.7008","0.3328","0.0615","4.7114"
"639","80.79","57.82","23","5.06","3.9606","2.1804","85.9552","85.9552","31.0865","3.7584","0.5959","0.0935","3.4061"
"640","231.91","162.33","","9.48","3.3288","2.1829","77.2534","77.2534","40.1577","3.8492","0.5951","0.075","4.2365"
"641","208.9","146.23","","8.35","3.3328","2.8592","84.333","84.333","25","2.6076","0.3922","0.0751","1.4935"
"642","14.63","23.73","16","2.32","4.8","3.1503","100","100","25","2.3805","0.3049","0.1395","3.0177"
"643","327.06","228.94","","11.14","2.1748","2.6632","100","100","40.5168","3.5576","0.451","0.0411","7.4813"
"644","214.11","149.88","","8.98","3.5432","2.0592","81.7872","81.7872","50.4067","4.3445","0.6322","0.0813","7.0984"
"645","339.16","237.41","","12.62","2.6605","1.7431","72.6209","72.6209","49.1778","4.609","0.7271","0.0554","5.6005"
"646","292.83","204.98","","11.88","3.7043","2.163","65.8532","65.8532","59.6745","4.1911","0.6011","0.086","7.0035"
"647","358.2","250.74","","13.47","3.0613","2.4582","65.3995","65.3995","49.1448","3.515","0.5125","0.0671","4.6262"
"648","173.03","121.12","","8.17","3.9127","2.177","74.6767","74.6767","44.03","3.9149","0.5969","0.0921","4.7433"
"649","250.22","175.15","","9.25","3.3209","3.4316","93.1064","93.1064","33.3763","2.204","0.2205","0.0747","4.8675"
"650","289.26","202.48","","10.8","2.9875","2.4131","82.2822","82.2822","43.4406","3.6913","0.5261","0.065","5.6321"
"651","290.13","203.09","","13.09","4.6331","2.6165","38.155","38.155","60.6804","3.1712","0.4651","0.1132","3.5157"
"652","112.91","79.03","","5.66","4.4447","3.0287","87.1983","87.1983","33.1107","2.6614","0.3414","0.1077","4.0179"
"653","321.01","224.71","","13.29","4.2669","2.7305","50.4423","50.4423","62.6725","3.2512","0.4308","0.1025","5.5994"
"654","141.83","99.28","","6.82","3.9722","2.1368","89.684","89.684","53.4254","4.4335","0.609","0.0939","8.82"
"655","56.45","49.7","19","4.53","4.8","2.6419","86.4453","86.4453","43.647","3.4453","0.4574","0.1249","6.235"
"656","363.43","254.4","","13.91","3.3539","2.5898","59.1774","59.1774","52.7538","3.3296","0.4731","0.0757","4.587"
"657","89.71","62.8","","4.67","4.354","3.2034","93.5366","93.5366","25","2","0.289","0.1051","0"
"658","389.33","272.53","","15.95","3.7999","1.9334","37.0371","37.0371","67.7176","4.2693","0.67","0.0888","4.9141"
"659","211.78","148.25","","9.97","3.862","1.7275","65.793","65.793","56.6917","4.7143","0.7317","0.0906","6.3392"
"660","64.29","45.65","24","3.91","4.2679","2.6919","100","100","34.8912","3.3687","0.4424","0.1025","6.1662"
"661","601.7","421.19","","20.67","1.8562","2.1874","54.951","54.951","68.5414","4.2133","0.5938","0.0318","7.4943"
"662","291.69","204.19","","11.39","3.242","2.1758","72.1841","72.1841","48.3974","3.9878","0.5972","0.0724","5.3703"
"663","514.95","360.46","","18.87","3.2482","2.5971","44.0873","44.0873","76.0503","3.6724","0.4709","0.0726","7.6915"
"664","267.6","187.32","","9.84","2.8572","2.8711","89.7877","89.7877","31.6606","2.8813","0.3887","0.0611","4.0456"
"665","171.03","119.72","","6.64","3.3579","2.9179","100","100","26.7883","2.8604","0.3746","0.0758","4.4288"
"666","305.1","213.57","","12.62","4.0677","2.9837","50.1715","50.1715","46.369","2.4913","0.3549","0.0967","1.9763"
"667","232.8","162.96","","8.38","2.3317","2.0125","100","100","31.3379","4.2098","0.6462","0.0457","5.3481"
"668","85.78","60.04","","4.32","3.9136","2.7839","100","100","25","2.8886","0.4148","0.0921","3.055"
"669","220.08","154.05","","9.18","3.6505","2.3568","78.0806","78.0806","45.0403","3.7448","0.543","0.0844","5.4214"
"670","144.64","101.25","","6.01","3.4214","2.4166","100","100","33.4226","3.8355","0.525","0.0777","6.9433"
"671","186.51","130.56","","8.02","4.0165","2.9301","79.3747","79.3747","35.3535","2.7341","0.371","0.0952","3.4636"
"672","399.08","279.35","","14.96","3.1658","2.4398","58.3131","58.3131","57.462","3.6404","0.5181","0.0702","5.507"
"673","280.45","196.32","","12.36","4.311","2.3926","49.3264","49.3264","60.0577","3.6335","0.5322","0.1038","4.8747"
"674","69.74","49.54","24","4.39","3.2963","1.6916","94.6241","94.6241","26.6575","4.4516","0.7425","0.074","3.5926"
"675","93.34","65.34","","4.97","4.3602","2.9239","90.487","90.487","30.1353","2.7812","0.3728","0.1052","3.8037"
"676","239.39","167.57","","9.25","3.236","2.5144","85.8697","85.8697","39.1565","3.4995","0.4957","0.0723","5.17"
"677","348.45","243.91","","12.51","3.137","2.6824","82.9469","82.9469","59.6258","3.7358","0.4453","0.0694","9.2819"
"678","87.5","61.25","","4.9","4.0707","2.6423","88.5486","88.5486","25","2.9127","0.4573","0.0967","1.5544"
"679","54.17","39.02","23","3.42","4.3132","2.876","100","100","25","3.1161","0.3872","0.1039","6.1714"
"680","160.47","112.33","","6.5","3.0222","2.2459","97.6343","97.6343","27.139","3.7473","0.5762","0.066","4.1016"
"681","118.05","82.64","","5.36","3.7968","2.881","96.2688","96.2688","25","2.5892","0.3857","0.0887","1.595"
"682","389.19","272.43","","14.66","2.9835","2.0824","58.4452","58.4452","54.4686","4.059","0.6253","0.0648","4.8662"
"683","345.83","242.08","","12.94","3.3332","2.4793","71.3847","71.3847","58.9228","3.8215","0.5062","0.0751","7.5789"
"684","275.48","192.83","","12.99","4.7617","2.2355","41.9846","41.9846","74.3505","4.0951","0.5794","0.117","7.0359"
"685","182.63","127.84","","7.7","4.1329","3.3769","81.4499","81.4499","28.7362","2","0.2369","0.0986","2.2857"
"686","128.17","89.72","","5.44","3.6563","2.8749","100","100","25","2.8787","0.3875","0.0846","4.069"
"687","256.62","179.64","","10.34","2.9838","1.7093","74.6258","74.6258","42.8769","4.5284","0.7372","0.0649","4.4828"
"688","230.11","161.07","","9.18","3.052","2.3015","80.0486","80.0486","29.8944","3.4722","0.5596","0.0669","2.3528"
"689","392.47","274.73","","14.82","3.259","2.9364","56.6727","56.6727","51.1295","2.7743","0.3691","0.0729","3.8942"
"690","72.87","57.9","20","5.26","4.8","2.6875","76.9437","76.9437","37.4242","3.0824","0.4438","0.1232","3.5936"
"691","301.87","211.31","","11.48","2.8604","2.5823","72.949","72.949","32.1179","3.0336","0.4753","0.0612","1.8913"
"692","166.21","116.35","","7.11","3.1695","2.2255","87.2014","87.2014","25","3.5181","0.5824","0.0703","1.8382"
"693","124.21","86.95","","6.42","3.9119","2.2597","81.4464","81.4464","34.3814","3.6631","0.5721","0.0921","3.5272"
"694","31.84","30.21","18","3.1","4.8","3.1568","93.3568","93.3568","25","2","0.303","0.1229","0"
"695","573.82","401.67","","21.63","3.6023","2.6631","19.8822","19.8822","83.6489","3.4031","0.4511","0.083","6.1218"
"696","508.24","355.77","","19.22","3.9473","2.9358","34.2974","34.2974","85.3654","3.2905","0.3693","0.0931","8.4298"
"697","354.55","248.19","","13.48","2.8501","2.0083","62.3801","62.3801","46.1464","4.0127","0.6475","0.0609","3.5622"
"698","353.36","247.35","","12.67","2.2274","2.3358","79.1119","79.1119","36.0109","3.5636","0.5492","0.0427","3.573"
"699","171.33","119.93","","7.25","3.6541","2.5654","89.0915","89.0915","36.2407","3.4055","0.4804","0.0845","4.96"
"700","613.63","429.54","","22.41","2.9911","2.5367","25.6587","25.6587","80.1472","3.5773","0.489","0.0651","6.1249"
"701","76.52","53.8","25","4.69","4.7343","3.193","83.8469","83.8469","25","2.0597","0.2921","0.1162","0.7098"
"702","242.24","169.57","","9.25","3.2927","2.494","88.9743","88.9743","45.0421","3.7219","0.5018","0.0739","6.8806"
"703","83.85","58.7","","4.33","3.5731","2.3583","100","100","25","3.5032","0.5425","0.0821","3.3139"
"704","520.88","364.62","","19.23","2.8928","2.3661","37.886","37.886","64.9848","3.6189","0.5402","0.0622","4.4266"
"705","283.74","198.62","","10.98","3.3158","2.1785","77.508","77.508","53.3626","4.1893","0.5965","0.0746","7.1756"
"706","-12","29.92","13","2.53","4.8","2.4261","90.1592","90.1592","35.2863","3.5894","0.5222","0.1231","4.893"
"707","214.79","150.36","","9.54","4.0117","2.5887","64.6977","64.6977","39.2274","3.077","0.4734","0.095","2.3504"
"708","50.51","37.59","21","3.34","4.2707","2.7827","100","100","25","3.307","0.4152","0.1026","6.7228"
"709","65.12","45.58","","3.81","3.8331","2.4488","100","100","25","3.5831","0.5154","0.0898","5.112"
"710","453.32","317.32","","15.74","2.2105","2.5583","75.2934","75.2934","55.6038","3.6893","0.4825","0.0422","7.3721"
"711","436.06","305.24","","16.3","3.3904","2.3124","53.2725","53.2725","71.1922","4.0822","0.5563","0.0768","7.8527"
"712","457.8","320.46","","17.34","3.5131","2.9502","42.1369","42.1369","65.1971","2.8858","0.3649","0.0804","5.0426"
"713","125.33","87.73","","6.1","3.6803","2.275","87.3278","87.3278","30.7569","3.641","0.5675","0.0853","3.5174"
"714","362.45","253.71","","14.75","4.1458","2.8303","41.5579","41.5579","60.9515","2.9358","0.4009","0.0989","4.031"
"715","336.58","235.61","","12.15","2.4029","2.0996","80.2157","80.2157","41.0586","4.0314","0.6201","0.0478","4.8313"
"716","156.31","109.42","","6.61","2.7168","1.8509","93.9553","93.9553","25","3.8825","0.6947","0.057","0.512"
"717","231.88","162.32","","9.03","3.1096","2.4235","85.3506","85.3506","34.366","3.4968","0.5229","0.0685","4.0466"
"718","174.54","122.18","","7.37","3.6094","2.4796","88.7693","88.7693","37.5393","3.5511","0.5061","0.0832","5.2025"
"719","66.18","47.02","24","3.96","3.7698","2.205","100","100","29.8218","4.2243","0.5885","0.0879","7.8042"
"720","126.75","88.72","","5.52","3.4195","2.3234","100","100","31.1836","3.8874","0.553","0.0776","6.2715"
"721","567.47","397.23","","19.57","1.727","2.0157","57.1117","57.1117","59.8667","4.2654","0.6453","0.028","5.8752"
"722","505.72","354.01","","17.46","2.1824","2.0499","66.1931","66.1931","64.1939","4.4647","0.635","0.0413","8.0433"
"723","58.28","41.56","23","3.66","4.2717","2.7781","99.5735","99.5735","29.6283","3.1073","0.4166","0.1026","4.9089"
"724","183.12","128.19","","7.75","3.4478","2.3669","84.6626","84.6626","33.2564","3.5365","0.5399","0.0785","3.7103"
"725","259.31","181.51","","10.63","3.4909","2.2076","69.8221","69.8221","46.0031","3.8483","0.5877","0.0797","4.5273"
"726","348.43","243.9","","12.6","2.4748","2.1783","77.7709","77.7709","42.9788","3.934","0.5965","0.0499","4.9264"
"727","252.62","176.84","","9.88","3.0692","2.1582","80.3185","80.3185","39.8859","3.9231","0.6026","0.0674","4.5871"
"728","237.87","166.51","","10.24","4.8","3.1098","68.8895","68.8895","65.85","3.0898","0.3171","0.1225","8.7687"
"729","425.29","297.7","","15.79","3.2446","2.5692","56.7208","56.7208","63.5338","3.5901","0.4793","0.0725","6.6296"
"730","200.8","140.56","","8.98","3.8997","2.1973","74.3469","74.3469","50.0155","4.0316","0.5908","0.0917","6.0159"
"731","288.36","201.85","","10.56","2.5324","2.5261","85.6374","85.6374","30.0908","3.2533","0.4922","0.0516","3.1445"
"732","398.61","279.02","","16.54","4.8","3.1425","26.2127","26.2127","76.659","2.6657","0.3073","0.1208","5.4317"
"733","378.08","264.65","","14.4","3.0458","1.8783","58.773","58.773","57.2232","4.4135","0.6865","0.0667","5.5161"
"734","83.75","59.4","24","5.14","4.4638","2.746","81.7927","81.7927","28.9013","2.8626","0.4262","0.1083","2.3679"
"735","311.15","217.8","","12.02","3.3695","2.9195","67.4422","67.4422","40.3974","2.6932","0.3742","0.0762","2.9753"
"736","309.47","216.63","","11.99","3.0089","2.0541","68.5533","68.5533","44.4061","4.0001","0.6338","0.0656","4.006"
"737","409.18","286.43","","15.78","3.2841","2.5008","45.4993","45.4993","53.2678","3.2566","0.4997","0.0737","2.8684"
"738","494.02","345.82","","18.87","3.6028","2.5916","31.4017","31.4017","72.8973","3.408","0.4725","0.083","5.299"
"739","25.55","35.7","17","3.39","4.693","2.6426","89.1426","89.1426","31.8163","3.1896","0.4572","0.115","3.9935"
"740","294.44","206.11","","11.76","2.9003","2.2179","60.1674","60.1674","26.5237","3.2003","0.5846","0.0624","0"
"741","328.63","230.04","","11.4","1.8336","2.1165","91.9048","91.9048","32.1513","3.9634","0.6151","0.0311","4.4371"
"742","208.89","146.22","","8.82","4.1759","3.1126","75.4288","75.4288","39.8225","2.5347","0.3162","0.0998","3.9184"
"743","231.9","162.33","","9.37","3.831","2.4929","83.2335","83.2335","55.9645","3.9091","0.5021","0.0897","8.5148"
"744","141.67","99.17","","5.82","3.4445","2.7488","100","100","25","3.0669","0.4253","0.0784","4.1997"
"745","-4.6","31.33","14","2.85","4.6323","2.3721","83.5173","83.5173","25","3.2868","0.5384","0.1132","1.5759"
"746","433.44","303.41","","16.35","3.3749","2.212","50.4643","50.4643","69.344","4.1312","0.5864","0.0763","7.07"
"747","-43.16","19.95","11","0.99","4.4699","2.2818","100","100","25","3.8078","0.5655","0.1084","5.0689"
"748","112.24","78.57","","5.27","3.0219","1.7296","99.6564","99.6564","30.9959","4.5845","0.7311","0.066","5.2209"
"749","141.93","99.35","","5.88","2.884","1.9827","100","100","25.4601","4.2275","0.6552","0.0619","5.1421"
"750","253.05","177.14","","9.68","3.3909","3.2249","83.2216","83.2216","31.6219","2.2939","0.2825","0.0768","3.1578"
"751","309.94","216.96","","11.49","3.2231","2.8277","80.4911","80.4911","47.6847","3.2001","0.4017","0.0719","6.326"
"752","345.8","242.06","","13.52","3.6864","2.9177","56.7722","56.7722","51.6421","2.8143","0.3747","0.0855","4.0203"
"753","292.59","204.81","","11.55","3.4021","2.5765","67.0428","67.0428","41.9199","3.1967","0.477","0.0771","3.2568"
"754","260.13","182.09","","9.98","3.1996","2.6692","81.4444","81.4444","36.6976","3.1579","0.4493","0.0712","4.0365"
"755","283.16","198.21","","11.04","3.4441","2.2467","76.3283","76.3283","55.1833","4.1231","0.576","0.0784","7.4182"
"756","21.07","25.89","17","2.7","4.0318","2.3818","100","100","25","3.2916","0.5355","0.0956","1.7359"
"757","258.49","180.95","","10.31","3.8188","2.7128","76.1853","76.1853","51.5384","3.3889","0.4362","0.0894","6.5972"
"758","625.91","438.13","","22.4","2.5799","1.5504","29.8319","29.8319","78.4101","4.9537","0.7849","0.053","6.3016"
"759","148.42","103.9","","6.75","3.6713","2.4381","85.4507","85.4507","30.3686","3.3784","0.5186","0.085","3.1806"
"760","429.96","300.97","","15.67","2.8976","2.5129","61.5326","61.5326","58.7302","3.6206","0.4961","0.0623","6.2172"
"761","528.32","369.82","","18.81","2.1147","2.3515","51.9429","51.9429","55.7669","3.6224","0.5445","0.0394","4.2811"
"762","22.34","27.76","17","2.69","4.1834","2.5014","100","100","25","3.4421","0.4996","0.1","4.5072"
"763","159.48","111.64","","6.65","3.5275","2.7995","92.1052","92.1052","25","2.82","0.4102","0.0808","2.6399"
"764","221.95","155.36","","8.91","3.6942","2.8011","82.8037","82.8037","40.678","3.0966","0.4097","0.0857","5.0942"
"765","482.51","337.75","","17.23","2.4156","1.8682","56.8486","56.8486","60.2422","4.4735","0.6895","0.0482","5.9226"
"766","142.46","99.72","","6.24","3.8751","2.6605","94.9269","94.9269","38.8912","3.4298","0.4518","0.091","6.3245"
"767","365.37","255.76","","14.18","3.3471","2.2586","55.4813","55.4813","55.2907","3.7921","0.5724","0.0755","4.6501"
"768","402.76","281.93","","15.31","3.4","2.8559","52.4134","52.4134","55.8242","2.9376","0.3932","0.0771","4.3567"
"769","134.39","94.07","","5.72","3.6182","2.8653","97.9215","97.9215","25","2.7238","0.3904","0.0835","2.5895"
"770","220.01","154.01","","8.42","2.6767","2.3801","91.2331","91.2331","25","3.2235","0.536","0.0559","1.1168"
"771","336.77","235.74","","12.38","2.5922","2.4847","75.4654","75.4654","37.152","3.3319","0.5046","0.0534","3.3358"
"772","272.3","190.61","","9.91","2.6776","2.3369","91.0294","91.0294","38.1476","3.7969","0.5489","0.0559","5.639"
"773","588.72","412.1","","21.1","2.1547","3.0236","44.1235","44.1235","64.8259","2.8059","0.3429","0.0405","5.2269"
"774","174.2","121.94","","7.32","4.3579","3.5","86.3004","86.3004","35.612","2","0.2","0.1052","4.4479"
"775","346.67","242.67","","12.65","2.994","2.7918","77.4054","77.4054","48.8461","3.2316","0.4125","0.0652","6.1682"
"776","381.45","267.02","","14.52","3.4882","2.9432","56.943","56.943","55.0353","2.8667","0.367","0.0797","4.7897"
"777","364.85","255.4","","14.17","3.42","2.7569","53.3801","53.3801","48.3112","2.9005","0.4229","0.0777","2.8333"
"778","376.73","263.71","","14.61","4.0223","3.1455","53.5016","53.5016","64.8386","2.7812","0.3063","0.0953","6.4856"
"779","180.58","126.41","","7.02","3.1715","2.4908","99.084","99.084","33.1137","3.582","0.5028","0.0704","5.6102"
"780","322.89","226.02","","12.62","3.6245","2.348","66.1134","66.1134","60.8159","3.9692","0.5456","0.0837","7.2895"
"781","500.52","350.36","","18.94","3.4053","2.3014","33.8473","33.8473","72.947","3.8455","0.5596","0.0772","5.6375"
"782","328.89","230.23","","11.77","1.981","2.5107","84.6694","84.6694","25.0188","3.1329","0.4968","0.0354","1.899"
"783","531.35","371.95","","19.7","2.9717","2.6533","34.7292","34.7292","65.7213","3.1944","0.454","0.0645","4.1659"
"784","294.36","206.05","","12.06","3.8145","2.539","59.0581","59.0581","50.4854","3.3409","0.4883","0.0892","4.072"
"785","24.11","27.22","17","2.77","4.5901","2.9372","97.291","97.291","25","2.5136","0.3688","0.112","1.61"
"786","245.56","171.89","","11.21","4.4181","2.4981","52.3212","52.3212","54.8467","3.4036","0.5006","0.1069","4.1293"
"787","188.17","131.72","","7.3","2.7092","1.8261","98.6769","98.6769","35.5043","4.5495","0.7022","0.0568","6.0816"
"788","263.58","184.51","","10.12","3.443","2.8921","81.2176","81.2176","41.0016","2.9555","0.3824","0.0783","4.953"
"789","551.02","385.71","","19.06","2.4914","2.4103","60.8043","60.8043","76.3906","4.1921","0.5269","0.0504","10.005"
"790","148.5","103.95","","6.04","4.0612","3.1865","100","100","35.611","2.9063","0.2941","0.0965","8.0817"
"791","371.67","260.17","","14.3","3.7047","2.9517","56.4084","56.4084","58.4874","2.9332","0.3645","0.086","5.4776"
"792","344.21","240.95","","11.39","1.3","1.9887","100","100","27.4054","4.3839","0.6534","0.02","6.5922"
"793","395.92","277.15","","14.55","2.9165","2.8955","65.6239","65.6239","49.4793","2.9255","0.3814","0.0629","4.7299"
"794","501.69","351.18","","18.63","3.3686","1.8332","43.8375","43.8375","84.1208","4.9206","0.7","0.0761","9.4335"
"795","416.43","291.5","","15.74","3.1096","2.6487","50.6061","50.6061","51.9157","3.0972","0.4554","0.0685","3.2548"
"796","157.31","110.11","","6.21","3.5095","2.9656","100","100","25","2.9174","0.3603","0.0803","5.5068"
"797","88.25","61.77","","4.58","3.6358","2.2795","98.8749","98.8749","29.6688","3.7832","0.5661","0.084","4.8243"
"798","336.31","235.42","","13.55","3.3359","1.9033","53.1584","53.1584","52.241","4.1691","0.679","0.0752","3.6681"
"799","170.27","119.19","","7.08","3.7058","2.8071","90.7116","90.7116","32.8638","3.0135","0.4079","0.086","4.434"
"800","155.6","108.92","","7.64","4.8","2.9774","74.5261","74.5261","50.3514","2.9701","0.3568","0.12","6.1139"
"801","505.54","353.88","","18.47","2.6173","2.1902","44.5798","44.5798","59.6337","3.8289","0.5929","0.0541","4.1458"
"802","72.32","51.11","24","4.38","4.8","3.2275","89.384","89.384","29.6984","2.3361","0.2818","0.1208","3.5599"
"803","90.81","63.57","","4.97","4.0463","2.6792","88.8995","88.8995","25","2.7654","0.4462","0.096","0.7036"
"804","178.46","124.92","","8.15","3.9763","2.6721","71.3993","71.3993","31.0801","2.8605","0.4484","0.094","1.4554"
"805","180.62","126.44","","7","2.9408","2.0178","100","100","35.8612","4.5336","0.6447","0.0636","8.2613"
"806","156.21","109.35","","7.9","4.2646","2.4121","69.4744","69.4744","41.5946","3.4516","0.5264","0.1024","3.5109"
"807","406.32","284.42","","14.59","2.8932","2.5485","71.3702","71.3702","59.7607","3.7471","0.4855","0.0622","7.7613"
"808","363.5","254.45","","13.89","3.3157","2.1019","62.3349","62.3349","61.7575","4.2735","0.6194","0.0746","6.9906"
"809","46.66","48.6","18","4.66","4.4469","2.2311","76.2","76.2","30.3826","3.5225","0.5807","0.1078","1.9449"
"810","197.26","138.08","","9.69","4.8","2.819","53.9317","53.9317","49.2903","2.848","0.4043","0.1265","3.1225"
"811","201.38","140.97","","7.64","3.477","2.61","100","100","46.0359","3.8958","0.467","0.0793","9.8147"
"812","115.04","80.8","25","6.59","4.7402","2.7701","72.1394","72.1394","40.0763","2.9619","0.419","0.1164","3.5337"
"813","270.18","189.12","","9.28","1.7925","1.5","100","100","30.8472","5.2125","0.8263","0.0299","6.9095"
"814","148.07","103.65","","6.5","3.5601","2.4754","90.4467","90.4467","29.807","3.389","0.5074","0.0818","3.726"
"815","181.68","127.18","","9.23","4.7232","2.6352","56.9188","56.9188","49.4429","3.15","0.4594","0.1159","3.5561"
"816","276.36","193.45","","10.95","3.2448","2.3892","70.1114","70.1114","38.4931","3.4153","0.5332","0.0725","2.9138"
"817","189.42","132.59","","7.85","3.4341","2.7077","83.3937","83.3937","25","2.8232","0.4377","0.0781","1.5569"
"818","323.37","226.36","","11.36","2.2989","2.5716","91.2747","91.2747","36.9992","3.4493","0.4785","0.0448","5.4192"
"819","-5.39","19.14","12","1.9","4.6291","2.8389","100","100","25","2.3746","0.3983","0.1131","0"
"820","558.93","391.25","","21.24","3.6528","2.7349","19.1343","19.1343","80.7077","3.2195","0.4295","0.0845","5.3745"
"821","196.47","137.53","","7.33","3.2425","3.1228","100","100","25","2.6559","0.3132","0.0724","5.1073"
"822","4.39","21.66","13","2.14","4.8","3.0585","99.0096","99.0096","25","2.321","0.3324","0.1312","1.3825"
"823","140.24","98.17","","6.1","3.2292","1.8625","100","100","41.9647","4.7316","0.6912","0.0721","8.1247"
"824","511.64","358.15","","18.78","3.0717","2.4789","43.2504","43.2504","70.6313","3.6867","0.5063","0.0674","6.3872"
"825","279.82","195.87","","9.68","1.9778","2.2849","100","100","27.397","3.7917","0.5645","0.0354","4.9648"
"826","469.9","328.93","","16.41","2.7","2.4693","70.1821","70.1821","69.6096","4.0841","0.5092","0.0565","9.7689"
"827","298.46","208.92","","10.59","2.0207","2.2481","91.1026","91.1026","26.9954","3.6413","0.5756","0.0366","3.1953"
"828","302.01","211.41","","10.9","2.6228","2.4558","87.3908","87.3908","39.1492","3.603","0.5132","0.0543","5.3721"
"829","135.69","94.98","","5.85","3.3798","2.4849","96.3245","96.3245","25","3.3386","0.5045","0.0765","3.3968"
"830","358.82","251.18","","13.99","3.7482","2.2787","59.684","59.684","69.9616","4.1952","0.5664","0.0873","8.4405"
"831","231.09","161.76","","8.86","2.9663","2.6352","87.339","87.339","26.7259","3.0449","0.4594","0.0643","2.632"
"832","120.19","84.13","","6.54","4.8","3.1596","68.5869","68.5869","28.3391","2.0789","0.3021","0.1349","0.4758"
"833","58.35","45.63","21","4.06","4.8","2.9233","94.8228","94.8228","41.7799","3.139","0.373","0.1191","6.9461"
"834","297.89","208.53","","12.7","4.4444","2.6806","51.2773","51.2773","64.6234","3.3813","0.4458","0.1077","6.1404"
"835","266.49","186.54","","9.52","2.2556","2.0248","95.238","95.238","33.0843","4.1635","0.6426","0.0435","5.0887"
"836","215.08","150.55","","9.69","4.1411","2.4601","65.4816","65.4816","48.1686","3.4893","0.512","0.0988","4.4225"
"837","306.83","214.78","","10.97","2.6163","2.8829","90.1971","90.1971","36.0888","2.982","0.3851","0.0541","5.0746"
"838","474.51","332.16","","16.69","2.2591","2.5086","66.7353","66.7353","56.117","3.6404","0.4974","0.0436","6.339"
"839","247.63","173.34","","10.46","4.0417","2.7002","65.7172","65.7172","47.7652","3.1526","0.4399","0.0959","4.3653"
"840","411.96","288.37","","14.67","2.8022","2.8287","74.0352","74.0352","57.5985","3.3483","0.4014","0.0595","7.6425"
"841","193.54","135.48","","7.63","2.7941","1.9516","93.7598","93.7598","32.0241","4.2152","0.6645","0.0593","4.6575"
"842","148.19","103.73","","5.99","3.2248","2.4939","100","100","25","3.543","0.5018","0.0719","5.3046"
"843","299.18","209.42","","11.91","3.8009","2.6225","65.9255","65.9255","55.2343","3.4493","0.4632","0.0888","6.0364"
"844","189.3","132.51","","8.4","4.8","3.5","72.3156","72.3156","44.0227","2.0593","0.2","0.1236","4.4255"
"845","156.55","109.58","","7.09","3.7304","2.2067","88.0359","88.0359","44.1168","4.0796","0.588","0.0868","6.5514"
"846","626.82","438.77","","21.85","2.68","2.3277","44.9629","44.9629","87.6365","4.3457","0.5517","0.0559","10.3577"
"847","75.25","52.68","","4.3","3.6363","2.0702","100","100","33.9061","4.2423","0.629","0.084","6.331"
"848","278.4","194.88","","10.48","3.4489","2.8794","83.6449","83.6449","47.7207","3.178","0.3862","0.0785","6.7562"
"849","253","177.1","","9.33","2.9909","2.9484","92.2328","92.2328","32.1714","2.825","0.3655","0.0651","4.4854"
"850","271.78","190.24","","10.93","3.4833","2.7905","65.9982","65.9982","33.8011","2.6836","0.4128","0.0795","1.3308"
"851","55.08","39.51","23","3.68","4.191","2.7352","96.3096","96.3096","25","2.7927","0.4294","0.1003","1.6219"
"852","530.57","371.4","","18.66","2.1172","1.6072","52.7701","52.7701","61.438","4.8002","0.7678","0.0394","5.6395"
"853","-16.82","22.26","12","1.77","4.1327","2.1461","100","100","25","3.9274","0.6062","0.0986","4.4794"
"854","62.75","43.93","","3.68","4.153","2.8125","100","100","25","3.0021","0.4062","0.0992","4.3997"
"855","272.68","190.87","","11.63","4.037","2.3988","58.1526","58.1526","54.9508","3.6316","0.5304","0.0958","4.9331"
"856","315.59","220.91","","12","3.6617","2.6369","75.0257","75.0257","62.0435","3.7383","0.4589","0.0847","8.753"
"857","252.66","176.86","","10.84","4.4155","2.7506","64.0612","64.0612","60.2377","3.37","0.4248","0.1069","6.8875"
"858","179.32","125.52","","7.1","3.1722","2.3417","96.9602","96.9602","34.5504","3.7905","0.5475","0.0704","5.6419"
"859","109.47","76.63","","5.79","4.8","3.1337","83.8904","83.8904","39.7945","2.6338","0.3099","0.1202","5.0453"
"860","425.8","298.06","","13.99","1.8452","1.5","88.476","88.476","54.0388","5.8644","0.9","0.0315","8.7931"
"861","91.44","64.01","","4.64","3.8478","2.4582","100","100","34.1122","3.6741","0.5125","0.0902","6.0264"
"862","160.03","112.02","","7.44","4.2335","2.8332","76.9137","76.9137","35.8122","2.8413","0.4001","0.1015","3.235"
"863","277.91","194.54","","11.3","3.9489","2.7918","65.3349","65.3349","50.6197","3.0922","0.4125","0.0932","4.9421"
"864","517.54","362.28","","18.84","2.4509","2.4386","44.5126","44.5126","56.3209","3.4036","0.5184","0.0492","3.4079"
"865","150.21","105.15","","6.33","3.8171","2.5535","100","100","46.7935","3.8689","0.4839","0.0893","8.8939"
"866","469.71","328.8","","17.5","2.7894","1.8925","44.1996","44.1996","58.9147","4.2145","0.6823","0.0592","3.9367"
"867","46.45","34.75","21","3.32","4.0157","2.544","100","100","25","3.2267","0.4868","0.0951","3.1278"
"868","303.68","212.57","","12.19","3.5351","2.4084","61.1346","61.1346","47.6648","3.4816","0.5275","0.081","3.7295"
"869","287.63","201.34","","12.17","4.2677","2.8272","52.5709","52.5709","53.3602","2.9178","0.4018","0.1025","3.8357"
"870","-34.96","20.93","11","1.4","4.8","2.5994","94.3931","94.3931","25","2.997","0.4702","0.1245","1.7762"
"871","367.83","257.48","","13.05","2.1485","2.1718","79.3697","79.3697","39.7545","3.8866","0.5985","0.0404","4.4312"
"872","228.53","159.97","","9.48","3.8523","2.7507","74.2241","74.2241","41.7388","3.062","0.4248","0.0903","4.1786"
"873","254.28","177.99","","10.07","3.1564","2.5079","74.7095","74.7095","31.0414","3.1358","0.4976","0.0699","1.8902"
"874","407.85","285.49","","14.86","2.7265","2.4228","65.0465","65.0465","51.9622","3.6287","0.5232","0.0573","5.1988"
"875","326.81","228.77","","12.44","3.1541","2.198","70.2743","70.2743","52.2834","4.0254","0.5906","0.0699","5.9695"
"876","100.69","70.48","","5.34","4.4812","2.9745","86.91","86.91","32.1674","2.708","0.3576","0.1088","3.7717"
"877","178.35","124.85","","9.13","4.8","2.3775","67.3952","67.3952","68.9069","4.1504","0.5367","0.1194","9.2411"
"878","237.53","166.27","","9.75","3.3131","2.0228","76.3156","76.3156","44.0155","4.1516","0.6432","0.0745","4.9596"
"879","145.2","101.64","","7.11","4.8","3.2199","74.5212","74.5212","40.2031","2.3829","0.284","0.1398","3.8806"
"880","339.89","237.93","","12.94","3.5642","2.7722","67.299","67.299","56.702","3.3011","0.4183","0.0819","6.5432"
"881","197.42","138.19","","7.55","3.1336","2.7174","96.3656","96.3656","28.731","3.1195","0.4348","0.0693","4.282"
"882","332.8","232.96","","11.98","2.7043","2.3343","83.0273","83.0273","47.8969","3.9224","0.5497","0.0567","6.7123"
"883","179.95","125.96","","7.53","3.1517","2.0778","88.1894","88.1894","32.5814","3.9708","0.6267","0.0698","4.0341"
"884","300.57","210.4","","12.79","4.0956","2.5251","47.8663","47.8663","53.3124","3.2604","0.4925","0.0975","3.1952"
"885","446.62","312.63","","16.22","2.4209","2.5368","59.0762","59.0762","47.6754","3.274","0.489","0.0483","3.4562"
"886","227.7","159.39","","9.12","3.3541","2.255","83.5161","83.5161","43.8168","3.9369","0.5735","0.0757","5.8801"
"887","261.8","183.26","","9.79","3.4228","3.3255","87.955","87.955","37.5349","2.3754","0.2523","0.0777","5.0925"
"888","119.96","83.97","","5.76","3.9014","2.5287","91.5186","91.5186","33.9772","3.4364","0.4914","0.0918","4.787"
"889","200.79","140.55","","7.75","3.0729","2.7915","93.9341","93.9341","25","2.7661","0.4126","0.0675","2.068"
"890","222.83","155.98","","9.46","3.8661","2.5549","72.7133","72.7133","43.9916","3.3646","0.4835","0.0907","4.4719"
"891","42.35","35.4","19","3.41","4.8","3.1684","92.1916","92.1916","25","2.2772","0.2995","0.1224","2.3263"
"892","267.35","187.14","","10.64","3.5441","2.6424","71.9847","71.9847","42.5265","3.1965","0.4573","0.0813","4.052"
"893","222.42","155.69","","8.84","3.1725","1.9877","87.6902","87.6902","46.2337","4.4284","0.6537","0.0704","6.9708"
"894","178.49","124.94","","7.19","3.0301","2.3695","92.5536","92.5536","25","3.394","0.5392","0.0662","2.4878"
"895","150.01","105.01","","6.09","3.7258","3.0059","100","100","30.7345","2.8385","0.3482","0.0866","5.3002"
"896","64.56","47.86","22","4.15","4.4677","2.6522","98.1071","98.1071","42.9129","3.5902","0.4543","0.1084","7.6352"
"897","89.94","63.77","24","5.3","4.2715","2.3804","89.145","89.145","42.8704","3.8265","0.5359","0.1026","6.4257"
"898","431.88","302.32","","16.56","3.1459","2.173","42.6479","42.6479","56.6274","3.748","0.5981","0.0696","3.2257"
"899","300.22","210.16","","10.99","2.6612","2.8558","84.3874","84.3874","31.0131","2.8039","0.3933","0.0554","3.18"
"900","211.55","148.08","","9.68","3.9047","2.0306","67.3253","67.3253","51.2732","4.1855","0.6408","0.0919","5.3524"
"901","184.88","129.42","","7.57","3.71","3.0196","87.0069","87.0069","28.6523","2.5596","0.3441","0.0862","3.0114"
"902","354.94","248.46","","14.57","3.9961","2.6057","40.8686","40.8686","57.2068","3.1405","0.4683","0.0946","3.1149"
"903","538.4","376.88","","19.59","2.7621","2.9673","43.6496","43.6496","66.433","2.9162","0.3598","0.0584","5.517"
"904","265.14","185.6","","9.23","2.2299","2.1243","100","100","32.5119","4.257","0.6127","0.0427","7.1155"
"905","351.54","246.08","","13.72","3.8707","2.4104","61.6335","61.6335","71.5278","4.0831","0.5269","0.0909","9.0462"
"906","367.37","257.16","","13.49","2.7697","2.308","70.3767","70.3767","48.7158","3.7865","0.5576","0.0586","5.1984"
"907","445.49","311.85","","16.45","2.5336","2.34","52.0561","52.0561","47.0462","3.422","0.548","0.0517","2.3777"
"908","574.8","402.36","","19.45","1.3","1.5","59.3431","59.3431","53.1362","4.9286","0.8193","0.02","4.6933"
"909","331.99","232.39","","12.88","4.057","2.9667","65.6939","65.6939","66.0099","3.2419","0.36","0.0963","8.376"
"910","114.11","79.88","","5.09","3.5989","2.6709","100","100","25","3.1032","0.4487","0.0829","3.5766"
"911","378.84","265.19","","14.89","3.8711","2.6465","49.3861","49.3861","64.9378","3.4072","0.456","0.0909","5.9563"
"912","252.87","177.01","","10.7","4.3925","2.7726","67.6658","67.6658","61.9427","3.4371","0.4182","0.1062","7.7452"
"913","566.71","396.7","","20.06","2.0079","1.9569","45.3139","45.3139","58.9811","4.1445","0.6629","0.0362","4.1005"
"914","261","182.7","","10.37","3.3481","2.5262","73.4847","73.4847","37.8482","3.2621","0.4921","0.0755","3.2237"
"915","273.69","191.58","","10.15","3.3651","2.8763","88.2682","88.2682","47.7196","3.2524","0.3871","0.076","7.3751"
"916","647.47","453.23","","22.63","2.4254","2.3577","40.4206","40.4206","82.6726","4.1113","0.5427","0.0485","8.6573"
"917","382.35","267.64","","13.42","1.8598","1.5709","78.0542","78.0542","41.6603","4.7405","0.7787","0.0319","4.6743"
"918","184.1","128.87","","7.41","3.3256","2.7691","90.449","90.449","25","2.8104","0.4193","0.0749","2.1882"
"919","557.67","390.37","","20.04","2.8225","2.1551","42.4905","42.4905","75.8275","4.2502","0.6035","0.0601","7.4286"
"920","209.83","146.88","","8.98","4.2342","3.2808","70.082","70.082","33.474","2.0634","0.2658","0.1015","1.8057"
"921","235.49","164.84","","10.2","4.8","3.3851","62.4735","62.4735","53.3796","2.3019","0.2345","0.1374","5.166"
"922","637.24","446.07","","21.9","1.8432","2.5982","53.7413","53.7413","75.0744","3.7933","0.4705","0.0314","8.7696"
"923","142.39","99.67","","7.81","4.5506","2.4263","65.7239","65.7239","45.5773","3.4746","0.5221","0.1108","3.8848"
"924","142.56","99.79","","7.04","4.7142","2.9792","78.8356","78.8356","46.8119","2.9448","0.3563","0.1156","5.9123"
"925","489.23","342.46","","17.81","2.7206","2.5292","50.2491","50.2491","60.0431","3.4592","0.4912","0.0571","4.995"
"926","12.15","27.61","16","2.52","4.8","2.8595","100","100","34.8624","3.1584","0.3921","0.124","6.3445"
"927","190.95","133.66","","7.14","2.9242","2.3847","100","100","27.3099","3.982","0.5346","0.0631","7.8473"
"928","198.4","138.88","","7.46","2.9158","2.8104","100","100","25","2.7669","0.4069","0.0629","2.3054"
"929","265.32","185.73","","10.99","4.1936","2.6064","69.2431","69.2431","63.2158","3.7215","0.4681","0.1003","8.2365"
"930","98.96","70.22","24","5.63","4.7402","2.6706","90.9022","90.9022","56.8003","3.8025","0.4488","0.1164","9.7256"
"931","315.22","220.66","","12.65","3.5727","2.6183","56.4303","56.4303","44.323","3.0378","0.4645","0.0821","2.3643"
"932","234.09","163.86","","9.26","3.9339","3.2343","81.8389","81.8389","41.9478","2.5181","0.2797","0.0927","5.2443"
"933","364.42","255.1","","14.04","3.2002","1.9222","59.242","59.242","58.7703","4.3989","0.6733","0.0712","5.9193"
"934","267.58","187.31","","9.81","2.5285","1.9834","90.1886","90.1886","38.2441","4.2726","0.655","0.0515","5.5477"
"935","337","235.9","","12.87","3.7195","2.9846","67.1833","67.1833","57.3309","3.0231","0.3546","0.0864","6.666"
"936","172.23","120.56","","7.85","4.8","3.3457","75.2808","75.2808","45.7954","2.3613","0.2463","0.1391","5.2126"
"937","473.19","331.23","","17.82","3.6499","2.7953","42.3215","42.3215","74.6963","3.3391","0.4114","0.0844","7.1571"
"938","438.05","306.64","","15.92","3.1904","2.4571","62.1137","62.1137","70.3119","3.9957","0.5129","0.0709","8.843"
"939","278.01","194.61","","10.49","3.3719","2.7058","83.1128","83.1128","47.97","3.4147","0.4382","0.0762","6.7398"
"940","115.25","80.68","","5.13","3.4368","2.4468","100","100","25","3.5397","0.516","0.0781","4.7047"
"941","315.09","220.57","","11.74","2.8309","2.145","77.0955","77.0955","45.542","4.0335","0.6065","0.0604","5.3999"
"942","157.64","110.34","","8.19","4.4837","2.4691","65.4534","65.4534","45.4889","3.4095","0.5093","0.1089","3.8292"
"943","212.8","148.96","","7.73","2.7775","2.5812","100","100","25","3.5736","0.4756","0.0588","6.6304"
"944","145.26","101.68","","5.9","3.5558","2.9263","100","100","25","2.8474","0.3721","0.0816","4.4156"
"945","160.96","112.67","","7.07","3.5773","2.4135","86.1472","86.1472","31.833","3.4594","0.5259","0.0823","3.596"
"946","390.63","273.44","","14.59","3.065","2.2315","61.235","61.235","57.3704","3.9689","0.5805","0.0672","5.8782"
"947","465.92","326.15","","17.12","2.777","2.3313","50.486","50.486","57.7857","3.6786","0.5506","0.0588","4.5301"
"948","292.79","204.95","","10.73","2.8266","2.3794","85.8698","85.8698","42.9695","3.7805","0.5362","0.0602","6.0089"
"949","205.78","144.05","","7.64","2.2509","1.6218","100","100","30.2109","4.7494","0.7635","0.0434","5.369"
"950","113.55","79.49","","6.08","4.7723","3.1787","76.6937","76.6937","31.5755","2.2569","0.2964","0.1173","2.2734"
"951","2.65","22.52","14","2.25","4.3012","2.5001","99.0194","99.0194","25","3.1178","0.5","0.1035","1.6382"
"952","421.57","295.1","","17.2","4.8","3.5","23.241","23.241","77.8542","2","0.2","0.14","5.2967"
"953","89.95","62.96","","4.66","3.9429","2.5129","98.6156","98.6156","34.2959","3.5741","0.4961","0.093","5.8075"
"954","290.13","203.09","","10.71","2.7174","1.8574","85.7041","85.7041","48.4592","4.6329","0.6928","0.057","7.1945"
"955","197.78","138.45","","7.91","3.6487","2.8647","89.7224","89.7224","36.7223","3.0157","0.3906","0.0844","5.1504"
"956","332.15","232.51","","12.9","3.5098","2.3363","64.8098","64.8098","58.4345","3.9059","0.5491","0.0803","6.591"
"957","576.75","403.73","","20.54","2.7275","2.54","44.5085","44.5085","76.8455","3.7771","0.488","0.0573","7.9228"
"958","343.94","240.76","","12.94","3.1845","2.51","68.9137","68.9137","51.2761","3.5505","0.497","0.0707","5.5657"
"959","460.68","322.48","","17","3.1422","2.5424","51.4895","51.4895","65.6917","3.6012","0.4873","0.0695","6.4038"
"960","196.56","137.59","","7.36","2.6912","2.4012","100","100","25","3.4716","0.5296","0.0563","3.5541"
"961","493.96","345.77","","18.5","3.0365","2.8713","38.2715","38.2715","59.2161","2.786","0.3886","0.0664","3.2091"
"962","292.98","205.08","","10.7","2.5219","2.0017","86.0352","86.0352","40.414","4.2384","0.6495","0.0513","5.4688"
"963","284.54","199.18","","10.93","3.197","2.3124","77.2069","77.2069","46.6038","3.8316","0.5563","0.0711","5.6484"
"964","146.73","102.71","","6.47","3.723","2.5206","91.6694","91.6694","35.3691","3.4846","0.4938","0.0865","5.1135"
"965","395.33","276.73","","14.44","2.8532","2.4998","66.9996","66.9996","53.075","3.5804","0.5001","0.061","5.7051"
"966","-0.03","20.39","13","1.97","4.8","3.0531","100","100","25","2.319","0.3341","0.136","1.3002"
"967","263.64","184.55","","10.11","3.1288","2.6869","80.3944","80.3944","34.1751","3.0544","0.4439","0.0691","3.3409"
"968","145.17","101.62","","7.03","4.1597","2.6291","78.4805","78.4805","35.9736","3.1498","0.4613","0.0994","3.4803"
"969","217.81","152.47","","7.88","2.6517","2.2281","100","100","29.1036","4.2428","0.5816","0.0551","8.2465"
"970","159.33","111.53","","6.89","3.5258","2.2268","92.3061","92.3061","40.5698","4.0283","0.582","0.0808","6.3429"
"971","241.77","169.24","","10.64","3.591","1.7367","64.8574","64.8574","52.2747","4.5771","0.729","0.0827","5.2422"
"972","197.75","138.43","","7.41","2.8669","2.313","100","100","31.4267","3.933","0.5561","0.0614","6.5473"
"973","219.87","153.91","","9.77","3.5997","1.9461","67.1893","67.1893","43.8567","4.1142","0.6662","0.0829","3.7025"
"974","77.25","54.07","","4.33","4.8","3.5","91.7429","91.7429","25","2","0.2","0.1298","0.777"
"975","121.91","85.34","","6.68","4.095","2.2311","75.9948","75.9948","36.8714","3.6816","0.5807","0.0975","3.3449"
"976","182.4","127.68","","7.71","3.3688","2.4373","83.2066","83.2066","27.0417","3.2622","0.5188","0.0762","2.1481"
"977","298.77","209.14","","12.71","4.2778","2.7926","47.2824","47.2824","53.3171","2.8839","0.4122","0.1028","3.118"
"978","162.34","113.64","","7.06","3.5296","2.6196","85.1339","85.1339","25","2.8727","0.4641","0.0809","0.9267"
"979","44.37","42.19","18","4.02","4.4356","2.4559","86.7845","86.7845","31.2067","3.3952","0.5132","0.1074","3.5436"
"980","251.25","175.88","","8.95","2.7367","2.292","100","100","42.3264","4.1936","0.5624","0.0576","8.5862"
"981","154","107.8","","6.3","3.9433","3.5","97.0692","97.0692","25","2","0.2","0.093","0.8543"
"982","393.42","275.39","","14.81","3.0933","3.0398","57.4398","57.4398","46.0915","2.5179","0.3381","0.0681","2.8886"
"983","412.81","288.97","","16.49","3.9778","2.8719","32.8702","32.8702","61.8999","2.7701","0.3884","0.094","3.0762"
"984","-25.81","19.65","11","1.43","4.4869","2.4733","100","100","25","3.2954","0.508","0.1089","2.8761"
"985","447.63","313.34","","16.9","3.064","1.8582","45.9872","45.9872","64.1304","4.4192","0.6925","0.0672","5.3235"
"986","165.48","115.83","","7.56","4.1087","2.6399","80.2262","80.2262","41.2477","3.2933","0.458","0.0979","4.8743"
"987","484.72","339.3","","17.48","2.4785","2.1805","53.4977","53.4977","57.3329","3.9204","0.5958","0.05","4.8338"
"988","283.7","198.59","","10.31","2.8241","2.1944","90.4625","90.4625","47.9429","4.2291","0.5917","0.0602","7.7181"
"989","124.34","87.04","","5.49","2.7263","1.7518","100","100","25","4.1573","0.7245","0.0573","1.7311"
"990","78.2","61.8","21","5.48","4.8","2.562","79.6268","79.6268","46.6249","3.5257","0.4814","0.1329","5.9771"
"991","144.62","101.24","","6.35","3.1702","2.0936","91.8642","91.8642","26.6625","3.857","0.6219","0.0703","3.2241"
"992","109.43","77.56","24","6.44","4.5759","2.5128","75.4632","75.4632","43.4251","3.4501","0.4962","0.1116","4.7156"
"993","254.01","177.81","","10.7","3.7731","2.3513","65.552","65.552","47.7629","3.6298","0.5446","0.088","4.3426"
"994","261.97","183.38","","9.54","3.2629","2.7177","95.4581","95.4581","50.5037","3.6496","0.4347","0.073","8.9504"
"995","409.86","286.9","","15.68","3.1812","1.896","50.6347","50.6347","62.3386","4.3933","0.6812","0.0706","5.5517"
"996","457.55","320.29","","14.73","1.3","2.0611","98.3266","98.3266","55.0553","4.7098","0.6317","0.02","10.3359"
"997","426.68","298.68","","14.8","2.2382","1.8508","76.4853","76.4853","57.8129","4.7355","0.6947","0.043","8.0177"
"998","275.09","192.56","","10.57","3.6911","3.0895","79.1394","79.1394","46.8114","2.7977","0.3232","0.0856","5.9528"
"999","206.46","144.52","","7.79","3.103","3.0112","96.8075","96.8075","25","2.5663","0.3466","0.0684","2.9691"
"1000","175.3","122.71","","8.24","4.8","3.0873","71.4854","71.4854","50.6379","2.7799","0.3238","0.1348","5.7697"
"1001","76.95","53.86","","4.19","3.4271","2.1244","100","100","25","3.8367","0.6127","0.0779","3.4187"
"1002","227.13","158.99","","8.87","3.0963","2.624","84.4022","84.4022","27.4047","3.0326","0.4628","0.0682","2.3881"
"1003","171.69","120.18","","8.2","4.4122","2.8291","67.9104","67.9104","38.1716","2.7689","0.4013","0.1068","2.5484"
"1004","388.92","272.24","","14.9","3.394","2.6866","52.9239","52.9239","54.5162","3.1454","0.444","0.0769","4.1373"
"1005","424.35","297.04","","14.67","2.4726","2.0352","79.2149","79.2149","64.0181","4.6786","0.6394","0.0499","9.7484"
"1006","122.63","85.84","","6.17","4.8","3.2804","80.9592","80.9592","36.7312","2.3109","0.2659","0.1299","3.9789"
"1007","260.61","182.43","","9.41","2.5266","3.0555","97.361","97.361","25","2.4282","0.3333","0.0514","2.29"
"1008","91.26","64.58","24","5.51","4.2808","2.4756","80.9096","80.9096","32.17","3.3027","0.5073","0.1029","2.9688"
"1009","328.32","229.83","","13.58","4.4347","3.0604","46.5197","46.5197","61.1745","2.7004","0.3319","0.1074","4.7445"
"1010","291.98","204.39","","10.82","2.6917","1.9407","83.4761","83.4761","44.5183","4.386","0.6678","0.0563","6.0291"
"1011","216.73","151.71","","9.8","4.0335","2.167","67.9055","67.9055","54.4065","4.0851","0.5999","0.0957","6.1194"
"1012","272.96","191.07","","11.13","3.7305","2.5652","65.8023","65.8023","46.8321","3.3162","0.4804","0.0868","4.1714"
"1013","302.11","211.47","","12.01","3.3689","1.9001","68.0207","68.0207","57.4592","4.5302","0.68","0.0762","6.8064"
"1014","225.93","158.15","","8.99","2.9917","2.1743","82.4675","82.4675","31.7311","3.7297","0.5977","0.0651","3.0808"
"1015","207.43","145.2","","8.97","3.5843","2.1766","75.108","75.108","41.128","3.8496","0.597","0.0825","4.1626"
"1016","354.9","248.43","","12.21","1.8688","2.152","90.4211","90.4211","38.0349","4.0391","0.6044","0.0322","5.5328"
"1017","308.74","216.11","","11.94","3.6966","2.8824","70.002","70.002","52.7965","3.0931","0.3853","0.0858","6.0459"
"1018","272.42","190.7","","10.5","3.6155","2.8938","79.1883","79.1883","47.3879","3.082","0.3819","0.0834","6.0862"
"1019","610.13","427.09","","22.56","2.8253","2.7712","20.7165","20.7165","71.5778","2.9655","0.4186","0.0602","3.5779"
"1020","91.25","63.88","","5.13","4.0148","2.304","91.829","91.829","37.9047","3.8482","0.5588","0.0951","5.6927"
"1021","323.68","226.57","","11.65","2.4384","1.6141","84.4539","84.4539","50.7513","5.0058","0.7658","0.0489","7.5313"
"1022","190.55","133.39","","7.82","4.0657","3.306","85.6369","85.6369","34.5515","2.2924","0.2582","0.0966","4.1258"
"1023","227.44","159.21","","8.25","2.4537","1.8832","100","100","35.8371","4.5829","0.6851","0.0493","7.0661"
"1024","90.35","63.24","","4.46","3.7913","2.6876","100","100","25","3.0037","0.4437","0.0885","2.9025"
"1025","69.57","48.87","25","4.15","3.6977","2.1597","98.5994","98.5994","30.6088","3.9672","0.6021","0.0858","4.9942"
"1026","-2.49","27.39","14","2.49","4.1247","2.015","97.3237","97.3237","32.2968","4.1889","0.6455","0.0983","5.1947"
"1027","387.68","271.38","","14.54","2.9821","2.0498","60.4532","60.4532","56.0979","4.1751","0.6351","0.0648","5.4935"
"1028","587.06","410.94","","21.91","3.4758","2.2408","22.2141","22.2141","87.11","4.1059","0.5778","0.0793","7.1955"
"1029","178.42","124.89","","7.65","3.2128","2.124","83.5836","83.5836","28.8315","3.7435","0.6128","0.0716","2.5924"
"1030","166.66","116.66","","7.06","3.6448","2.5385","90.6893","90.6893","36.7865","3.4805","0.4885","0.0842","5.294"
"1031","169.95","118.97","","8.82","4.8","2.8511","54.088","54.088","40.1952","2.5789","0.3947","0.1188","1.1425"
"1032","543.96","380.77","","19.93","2.9958","2.5363","37.4766","37.4766","71.8349","3.5499","0.4891","0.0652","5.8788"
"1033","94.56","66.19","","4.92","3.9501","2.6447","91.8793","91.8793","25","3.0362","0.4566","0.0932","2.6699"
"1034","212.7","148.89","","8.4","3.5154","2.452","91.0902","91.0902","47.5909","3.8756","0.5144","0.0805","7.7247"
"1035","399.64","279.75","","14.41","2.3777","2.0449","68.6424","68.6424","47.1334","4.0824","0.6365","0.0471","4.618"
"1036","283.88","198.72","","11.45","3.8089","2.6547","65.8382","65.8382","50.6775","3.2898","0.4536","0.0891","5.0222"
"1037","229.06","160.34","","9.99","4.8","3.3559","63.3902","63.3902","52.7114","2.3392","0.2432","0.1304","5.1418"
"1038","231.42","161.99","","9.29","3.1548","2.0487","81.4964","81.4964","40.8467","4.1155","0.6354","0.0699","4.9562"
"1039","194.06","135.84","","7.76","3.2248","2.3842","90.8658","90.8658","33.7157","3.6186","0.5347","0.0719","4.6421"
"1040","240.84","168.58","","9.4","3.1376","2.4116","82.7286","82.7286","35.7003","3.5067","0.5265","0.0694","3.989"
"1041","179.91","125.94","","7.48","3.2649","2.0911","91.0023","91.0023","38.9764","4.1552","0.6227","0.0731","5.8177"
"1042","-14.75","31.67","13","2.74","4.4553","1.9915","87.7509","87.7509","34.5431","4.1319","0.6526","0.108","4.407"
"1043","291.85","204.3","","10.27","2.3387","2.6416","95.9369","95.9369","32.4444","3.31","0.4575","0.0459","5.0415"
"1044","113.25","79.27","","5.01","3.8583","2.9548","100","100","25","2.8105","0.3636","0.0905","4.4359"
"1045","331.69","232.18","","12.9","3.3959","2.4139","62.7855","62.7855","51.5542","3.5964","0.5258","0.0769","4.8062"
"1046","326.79","228.75","","12.55","3.3884","2.4933","67.4828","67.4828","52.438","3.5807","0.502","0.0767","5.6297"
"1047","422.11","295.48","","16.45","3.9672","2.8399","41.4999","41.4999","70.5156","3.1607","0.398","0.0937","6.1273"
"1048","322.7","225.89","","12.58","3.6493","2.5854","65.3645","65.3645","56.5869","3.5256","0.4744","0.0844","6.2588"
"1049","293.53","205.47","","11.58","3.9248","3.1416","67.6257","67.6257","49.3046","2.6132","0.3075","0.0925","4.9595"
"1050","175.11","122.58","","6.79","3.2332","2.5589","100","100","31.6235","3.5917","0.4823","0.0722","6.5202"
"1051","174.39","122.07","","7.5","3.5473","2.5853","82.5575","82.5575","26.6479","3.0389","0.4744","0.0814","1.9746"
"1052","142.48","99.73","","6.21","3.1149","1.8863","96.7955","96.7955","34.8536","4.4219","0.6841","0.0687","5.6865"
"1053","321","224.7","","12.17","3.7759","2.6437","75.9602","75.9602","67.8726","3.8888","0.4569","0.0881","10.1606"
"1054","203.75","142.63","","7.63","2.937","2.2435","100","100","37.2268","4.156","0.5769","0.0635","7.6691"
"1055","135.74","95.02","","6.22","3.6463","2.4144","89.7634","89.7634","30.5687","3.4816","0.5257","0.0843","3.8021"
"1056","242.62","169.83","","10.81","4.3819","2.6042","58.3705","58.3705","55.0541","3.355","0.4687","0.1059","4.985"
"1057","-5.34","22.54","12","1.98","4.3871","2.5159","100","100","25","3.3548","0.4952","0.106","3.9143"
"1058","171.75","120.22","","6.69","3.1337","2.3989","100","100","30.8197","3.8418","0.5303","0.0693","6.7846"
"1059","179.79","125.85","","8.38","4.1773","2.4405","73.948","73.948","47.9428","3.6394","0.5179","0.0999","5.5065"
"1060","396.95","277.87","","15","3.3227","2.5177","56.4679","56.4679","59.3034","3.5512","0.4947","0.0748","5.6651"
"1061","386.96","270.87","","15.59","3.9725","2.5937","38.6957","38.6957","63.2421","3.2747","0.4719","0.0939","4.1516"
"1062","43.86","34.63","20","3.26","3.9946","2.4557","100","100","25","3.5616","0.5133","0.0945","5.0067"
"1063","271.77","190.24","","11.97","4.2618","2.4003","51.9663","51.9663","57.9301","3.6098","0.5299","0.1023","4.7601"
"1064","344.76","241.33","","12.7","2.7948","2.5139","73.8138","73.8138","43.4905","3.4251","0.4958","0.0593","4.5091"
"1065","690.8","483.56","","24.19","2.07","2.1562","31.3312","31.3312","77.7148","4.126","0.6031","0.0381","6.3494"
"1066","455.8","319.06","","15.88","2.2871","2.6548","74.3476","74.3476","56.7768","3.5716","0.4536","0.0444","7.5035"
"1067","383.12","268.18","","13.94","2.927","2.9127","71.8101","71.8101","50.8415","3.03","0.3762","0.0632","5.858"
"1068","319.16","223.41","","13.69","4.676","3.0512","38.6945","38.6945","61.2855","2.5967","0.3346","0.1145","3.721"
"1069","238.78","167.15","","9.37","3.328","2.1759","86.0769","86.0769","49.9381","4.2376","0.5972","0.075","7.5697"
"1070","585.31","409.72","","21.86","3.1195","2.4846","19.9958","19.9958","73.8545","3.4056","0.5046","0.0688","3.9822"
"1071","430.19","301.14","","15.98","2.7364","2.2785","53.1589","53.1589","50.4589","3.6087","0.5665","0.0576","3.2761"
"1072","276.42","193.49","","10.98","3.6588","2.3118","74.781","74.781","58.2396","4.0865","0.5565","0.0847","7.8834"
"1073","142.34","99.64","","6.21","3.8542","2.7174","94.4741","94.4741","35.9737","3.2718","0.4348","0.0904","5.6221"
"1074","307.32","215.12","","11.29","2.8364","2.1473","82.9315","82.9315","48.6547","4.197","0.6058","0.0605","6.8662"
"1075","308.91","216.24","","12.99","4.0695","2.3751","51.213","51.213","60.3472","3.6934","0.5375","0.0967","5.191"
"1076","208.3","145.81","","9.16","4.279","3.0215","67.2924","67.2924","38.5151","2.5036","0.3436","0.1029","2.5412"
"1077","145.45","101.82","","5.99","2.9828","2.2522","100","100","25","3.5669","0.5743","0.0648","2.5908"
"1078","742.71","519.9","","24.98","1.5342","2.0128","43.5245","43.5245","82.9807","4.6404","0.6461","0.0223","9.1408"
"1079","136.41","95.49","","5.72","3.2131","2.4243","100","100","25","3.4206","0.5227","0.0716","3.3854"
"1080","566.03","396.22","","21.06","2.4236","2.0971","23.3297","23.3297","54.6045","3.5078","0.6209","0.0484","0.1937"
"1081","112.14","78.49","","6.22","4.1827","2.2514","82.8434","82.8434","43.6864","3.9283","0.5746","0.1","5.7613"
"1082","267.82","187.47","","9.75","2.7816","2.1529","93.1443","93.1443","45.7186","4.2714","0.6041","0.0589","7.5878"
"1083","275.24","192.67","","10.6","3.0843","2.3083","77.7711","77.7711","41.0129","3.7061","0.5575","0.0678","4.4939"
"1084","502.34","351.64","","18.98","3.7058","2.3174","36.6741","36.6741","84.3518","4.1516","0.5548","0.086","8.5251"
"1085","134.25","93.97","","5.6","3.546","2.7706","100","100","25","3.1232","0.4188","0.0813","4.9581"
"1086","-12.55","22.69","12","1.79","4.5442","2.5838","100","100","25.9645","3.4085","0.4749","0.1106","5.2086"
"1087","217.22","152.05","","9.02","3.729","2.8277","75.4854","75.4854","33.4144","2.7671","0.4017","0.0867","2.5162"
"1088","317.11","221.97","","11.49","2.3073","2.6813","83.5551","83.5551","27.572","2.9451","0.4456","0.045","2.3115"
"1089","173.64","121.55","","6.71","3.0534","2.5971","100","100","25","3.2778","0.4709","0.0669","4.2193"
"1090","19.6","32.99","16","3.08","4.7744","2.7201","92.9456","92.9456","34.4154","3.2058","0.434","0.1174","5.0745"
"1091","182.83","127.98","","7.08","3.5357","2.9398","99.202","99.202","35.2585","3.02","0.368","0.081","6.0978"
"1092","129.63","90.74","","6.87","4.1156","2.3483","74.637","74.637","34.8066","3.4482","0.5455","0.0981","2.7088"
"1093","138.82","97.17","","5.73","3.4749","2.7369","100","100","25","3.145","0.4289","0.0793","4.7424"
"1094","475.64","332.95","","17.19","2.7539","2.2555","55.2021","55.2021","63.5012","3.9974","0.5733","0.0581","6.4191"
"1095","88.48","65.68","22","5.72","4.3568","2.2244","81.6562","81.6562","44.2359","3.9611","0.5827","0.1051","5.7232"
"1096","378.66","265.06","","14.75","3.1471","1.8602","51.7765","51.7765","55.511","4.2891","0.692","0.0696","4.2025"
"1097","278.95","195.26","","10.66","3.1376","3.0153","77.0701","77.0701","30.2034","2.4531","0.3454","0.0694","2.0219"
"1098","1.53","21.65","13","2.16","4.3243","2.5445","100","100","25","3.0499","0.4866","0.1042","1.5776"
"1099","221.5","155.05","","8.29","2.6472","2.0961","95.4356","95.4356","32.5834","4.0559","0.6212","0.055","5.0049"
"1100","57.41","66.38","18","6.15","4.8","1.9086","65.9809","65.9809","52.697","4.3684","0.6774","0.1279","5.4856"
"1101","533.82","373.67","","19.98","3.127","2.1053","30.082","30.082","71.3941","4.019","0.6184","0.0691","4.7916"
"1102","80.46","56.32","","4.2","4.2007","3.076","98.9329","98.9329","25","2.2963","0.3272","0.1006","1.3767"
"1103","252.81","176.97","","9.23","2.7269","2.5672","94.0455","94.0455","32.6993","3.3899","0.4798","0.0573","4.8443"
"1104","509.98","356.98","","18.2","2.6729","1.5204","53.4754","53.4754","74.6664","5.2611","0.7939","0.0557","8.6442"
"1105","256.38","179.46","","9.07","2.2831","2.1941","99.4554","99.4554","31.9109","3.9655","0.5918","0.0443","5.3953"
"1106","336.31","235.42","","13.45","3.7171","2.6654","52.5785","52.5785","50.9087","3.0791","0.4504","0.0864","3.2974"
"1107","112.32","78.62","","5.4","3.8406","2.6752","91.6821","91.6821","25","2.9998","0.4475","0.09","2.7172"
"1108","31.73","37.95","17","3.64","4.6382","2.6225","85.9713","85.9713","28.8274","3.0942","0.4632","0.1134","2.9112"
"1109","870.92","609.64","","30.37","2.3394","1.61","0","0","100","4.9551","0.767","0.046","7.0362"
"1110","438.79","307.15","","17.12","3.5783","2.0153","39.0203","39.0203","71.5074","4.2817","0.6454","0.0823","6.0135"
"1111","576.75","403.72","","20.3","1.8956","2.2432","48.2705","48.2705","59.4209","3.8068","0.577","0.0329","4.5932"
"1112","179.49","125.64","","8.63","4.8","2.8771","68.7684","68.7684","55.2143","3.1421","0.3869","0.1189","6.4127"
"1113","286.66","200.66","","11.87","3.5848","2.2519","58.4927","58.4927","45.911","3.6128","0.5744","0.0825","2.9899"
"1114","444.25","310.98","","15.68","2.2968","1.9875","67.8326","67.8326","55.2731","4.3524","0.6537","0.0447","6.3003"
"1115","171.69","120.18","","6.92","2.9371","1.7189","100","100","43.0513","4.9634","0.7343","0.0635","8.4259"
"1116","399.69","279.78","","14.8","2.8962","1.6604","63.6151","63.6151","64.4645","4.9678","0.7519","0.0623","7.7576"
"1117","89.7","62.91","25","5.4","4.074","2.4266","80.0269","80.0269","25","3.0524","0.522","0.0968","0.1728"
"1118","544.76","381.33","","19.23","2.6976","2.3123","52.9427","52.9427","75.6284","4.1881","0.5563","0.0565","8.7845"
"1119","351.88","246.32","","13.77","3.7229","2.6804","56.5008","56.5008","58.0147","3.2958","0.4459","0.0865","5.386"
"1120","185.64","129.94","","7.26","3.1981","2.5685","96.09","96.09","30.7296","3.3699","0.4794","0.0711","4.6847"
"1121","405.69","283.99","","16.04","3.9811","2.5003","42.4808","42.4808","72.4073","3.6899","0.4999","0.0941","6.6749"
"1122","143.52","100.46","","6.36","3.4984","2.3017","92.2666","92.2666","32.9531","3.7343","0.5595","0.08","4.6619"
"1123","277.23","194.06","","11.38","3.8918","2.7632","62.0552","62.0552","46.3471","2.9748","0.421","0.0915","3.5629"
"1124","-8.53","26.17","13","2.11","4.6069","2.4697","100","100","34.7363","3.8408","0.5091","0.1125","7.6321"
"1125","176.8","123.76","","6.74","2.9915","2.4424","100","100","25","3.769","0.5173","0.0651","6.6697"
"1126","222.24","155.57","","9.33","3.8638","2.5042","76.5414","76.5414","48.3614","3.6017","0.4987","0.0907","5.9459"
"1127","315.5","220.85","","12.05","3.2824","2.569","70.7573","70.7573","47.4131","3.4008","0.4793","0.0736","4.9627"
"1128","98","68.6","","4.66","3.6419","2.5307","100","100","25","3.4252","0.4908","0.0842","4.7131"
"1129","39.24","31.27","20","3.05","4.4126","2.925","100","100","25","2.6951","0.3725","0.1068","3.0593"
"1130","235.64","164.95","","9.8","4.0335","2.6378","75.2034","75.2034","53.7635","3.5328","0.4587","0.0956","6.9552"
"1131","401.65","281.15","","15.48","3.6256","2.6869","49.0651","49.0651","62.0808","3.2754","0.4439","0.0837","5.2848"
"1132","174.9","122.43","","6.78","2.5726","1.8605","100","100","26.9454","4.388","0.6918","0.0528","5.0765"
"1133","499.2","349.44","","17.93","3.1846","2.1807","55.4596","55.4596","82.2728","4.5735","0.5958","0.0707","10.5833"
"1134","453.08","317.15","","17.41","3.4354","2.2544","38.6988","38.6988","66.7801","3.8298","0.5737","0.0781","4.9304"
"1135","25.15","24.94","18","2.68","4.5359","2.9994","100","100","25","2.1735","0.3502","0.1104","0"
"1136","306.33","214.43","","13.03","3.9653","2.2227","48.7697","48.7697","57.2065","3.7872","0.5832","0.0936","4.1728"
"1137","279.95","195.97","","10.82","3.4653","2.5138","77.6969","77.6969","50.7477","3.6657","0.4959","0.079","6.6256"
"1138","113.09","79.16","","6.27","3.8997","2.0697","80.4335","80.4335","36.0034","3.9494","0.6291","0.0917","3.7484"
"1139","182.75","127.92","","7.82","4.4433","3.2514","83.1183","83.1183","44.7653","2.5845","0.2746","0.1077","6.0355"
"1140","121.96","85.37","","5.5","3.5395","2.1757","100","100","37.2593","4.4222","0.5973","0.0812","9.1909"
"1141","614.56","430.19","","21.59","1.7326","1.9384","40.7354","40.7354","59.4924","4.1131","0.6685","0.0282","3.5998"
"1142","489.37","342.56","","18.17","3.0293","2.0685","42.8119","42.8119","67.6588","4.1699","0.6294","0.0662","5.6745"
"1143","219.49","153.64","","10.28","3.848","1.8645","59.3439","59.3439","48.5677","4.2248","0.6906","0.0902","3.6883"
"1144","347.33","243.13","","13.46","3.1339","1.8757","61.3923","61.3923","55.1037","4.4039","0.6873","0.0693","5.4006"
"1145","215.59","150.91","","8.69","3.6376","2.71","83.9581","83.9581","40.0367","3.2235","0.437","0.084","5.1077"
"1146","131.46","92.02","","6.24","4.6316","3.0982","89.2107","89.2107","46.1025","2.9213","0.3205","0.1132","7.1455"
"1147","607.13","424.99","","22.09","2.8553","2.3568","27.9277","27.9277","77.1203","3.7836","0.543","0.0611","5.7629"
"1148","146.24","102.37","","6.59","3.5528","2.4113","86.7055","86.7055","27.2527","3.3564","0.5266","0.0815","2.6631"
"1149","336.69","235.69","","11.93","2.268","2.0008","85.1243","85.1243","42.6642","4.2821","0.6498","0.0439","5.8419"
"1150","171.07","119.75","","6.89","3.3635","2.3919","97.8931","97.8931","38.6203","3.8376","0.5324","0.076","6.6621"
"1151","19.78","32.66","16","3.03","4.8","2.7483","94.5896","94.5896","36.2571","3.2382","0.4255","0.1202","5.6999"
"1152","42.98","35.41","20","3.29","4.4387","2.7678","100","100","32.4229","3.2211","0.4197","0.1075","5.7862"
"1153","530.94","371.66","","18.83","2.5089","2.1264","52.1466","52.1466","68.098","4.2433","0.6121","0.0509","7.0212"
"1154","235.08","164.56","","10.87","4.4413","2.4677","54.2276","54.2276","55.3097","3.486","0.5097","0.1076","4.4864"
"1155","151.95","106.37","","6.11","3.4693","2.9336","100","100","25","2.7103","0.3699","0.0791","3.2968"
"1156","2.54","27.45","14","2.54","4.8","2.7936","90.6621","90.6621","25","2.7719","0.4119","0.1211","2.1453"
"1157","155.32","108.72","","7.04","3.9823","2.5443","86.1209","86.1209","41.7379","3.5268","0.4867","0.0941","5.7716"
"1158","240.26","168.18","","8.62","2.4231","2.6071","100","100","25","3.1818","0.4679","0.0484","3.4952"
"1159","355.27","248.69","","13.12","2.769","2.115","71.2047","71.2047","49.1987","4.0765","0.6155","0.0586","5.4155"
"1160","268.19","187.73","","9.34","2.0494","1.9903","100","100","31.9805","4.2709","0.6529","0.0374","5.616"
"1161","431.24","301.87","","16.54","3.7485","3.2001","43.2895","43.2895","63.3474","2.5135","0.29","0.0873","4.79"
"1162","166.2","116.34","","8.13","4.8","2.8664","71.9703","71.9703","54.7983","3.195","0.3901","0.1293","6.7499"
"1163","279.7","195.79","","11.42","3.8028","2.511","64.8584","64.8584","51.5152","3.4934","0.4967","0.0889","5.0752"
"1164","294.27","205.99","","12.12","3.6681","2.2777","58.6812","58.6812","50.4098","3.6926","0.5667","0.0849","4.0049"
"1165","157.37","110.16","","6.49","3.5294","2.6195","96.9073","96.9073","33.5759","3.3834","0.4641","0.0809","5.4204"
"1166","295.54","206.88","","11.16","2.6639","2.4079","75.7221","75.7221","29.5751","3.252","0.5276","0.0555","1.7032"
"1167","91.48","64.04","","4.8","3.0772","1.8038","96.7477","96.7477","25","3.9571","0.7089","0.0676","0.5987"
"1168","119.38","83.56","","6.53","4.8","2.8102","78.6952","78.6952","49.0771","3.2316","0.4069","0.1312","6.3918"
"1169","256.44","179.51","","10.03","3.4913","3.1663","76.825","76.825","31.4502","2.2728","0.3001","0.0797","2.2634"
"1170","286.23","200.36","","11.07","3.3531","2.2607","76.7539","76.7539","52.9258","4.0539","0.5718","0.0757","6.9785"
"1171","83.02","58.41","25","4.99","3.8265","2.1567","87.8824","87.8824","28.9348","3.7665","0.603","0.0896","3.1908"
"1172","567.96","397.57","","20.08","2.8919","2.389","48.8702","48.8702","82.8228","4.2006","0.5333","0.0622","9.8219"
"1173","169.14","118.4","","6.57","3.0911","2.5677","100","100","25","3.392","0.4797","0.068","4.8693"
"1174","110.61","77.43","","4.95","3.7828","2.8024","100","100","25.2988","3.1089","0.4093","0.0883","5.2176"
"1175","314.66","220.27","","11.96","3.6551","3.016","73.3145","73.3145","53.4782","2.9768","0.3452","0.0845","6.6395"
"1176","215.19","150.63","","8.12","2.9562","2.7644","94.2221","94.2221","25.2391","2.935","0.4207","0.064","3.2267"
"1177","114.38","80.07","","5.3","3.8264","2.4299","100","100","39.3761","4.0085","0.521","0.0896","8.6275"
"1178","147.3","103.11","","6.49","3.631","2.5635","89.5935","89.5935","28.8826","3.2318","0.4809","0.0838","3.4084"
"1179","348.9","244.23","","12.91","2.2738","2.0368","69.5927","69.5927","32.5072","3.7423","0.639","0.044","1.5275"
"1180","159.63","111.74","","7.65","4.5188","2.6619","79.8115","79.8115","54.6622","3.5922","0.4514","0.1099","7.77"
"1181","291.66","204.16","","11.23","3.2927","2.3762","75.223","75.223","48.7006","3.7662","0.5372","0.0739","5.844"
"1182","87.77","61.44","","4.31","4.1632","3.0793","100","100","25","2.5634","0.3262","0.0995","3.7669"
"1183","-40.15","17.38","11","1","4.6508","2.541","100","100","25","3.0895","0.4877","0.1138","1.8837"
"1184","222","155.4","","9.43","3.7077","2.3007","74.2066","74.2066","45.5967","3.7769","0.5598","0.0861","5.025"
"1185","177.9","124.53","","6.86","3.1646","2.8585","100","100","25","2.7746","0.3924","0.0702","2.9547"
"1186","397.88","278.52","","15.86","4.2868","3.1809","38.4887","38.4887","67.5513","2.5719","0.2957","0.1031","5.0719"
"1187","163.31","114.32","","6.72","3.379","2.4803","95.1636","95.1636","32.0061","3.5091","0.5059","0.0765","4.8415"
"1188","294.79","206.36","","11.06","2.5466","2.5045","77.4717","77.4717","25.7229","3.0494","0.4986","0.052","1.09"
"1189","294.05","205.83","","10.64","2.6833","1.9139","89.7059","89.7059","50.6762","4.6716","0.6758","0.056","8.2181"
"1190","317.25","222.07","","11.23","2.6394","2.2455","90.369","90.369","49.6023","4.1988","0.5763","0.0548","8.0706"
"1191","113.95","79.77","","6.05","4.053","2.2398","86.8918","86.8918","43.1545","3.9925","0.578","0.0962","6.1865"
"1192","275.19","192.64","","12.45","4.4187","2.1951","49.3703","49.3703","67.6594","4.0957","0.5915","0.1069","6.5529"
"1193","190.67","133.47","","8.25","4.167","3.2118","74.4511","74.4511","30.4848","2.15","0.2864","0.0996","1.7331"
"1194","462.86","324","","18.87","4.5376","2.9109","14.4554","14.4554","79.7538","2.8825","0.3767","0.1104","4.5381"
"1195","362.54","253.78","","13.18","2.776","2.1669","74.6492","74.6492","53.1745","4.157","0.5999","0.0588","6.7514"
"1196","142.47","99.73","","5.88","3.1034","2.3246","100","100","25","3.6284","0.5526","0.0684","4.0071"
"1197","135.2","94.64","","5.72","3.5107","2.5417","100","100","30.8281","3.551","0.4875","0.0803","5.9536"
"1198","308.51","215.96","","12.5","3.9142","2.8784","56.1552","56.1552","48.8617","2.7895","0.3865","0.0921","3.326"
"1199","195.62","136.94","","8.49","4.2895","3.1946","73.4703","73.4703","36.0301","2.2974","0.2916","0.1032","2.8218"
"1200","200.04","140.03","","8.49","3.5213","2.4591","77.6236","77.6236","31.8881","3.2684","0.5123","0.0806","2.4667"
"1201","351.15","245.8","","13.55","3.6872","2.6864","61.4592","61.4592","60.4193","3.4232","0.4441","0.0855","6.579"
"1202","173.55","121.49","","7.87","4.6676","3.3121","74.8088","74.8088","41.1367","2.2838","0.2564","0.1142","4.1245"
"1203","190.24","133.17","","8.77","4.4281","2.5217","75.1503","75.1503","59.4183","3.8329","0.4935","0.1072","8.1922"
"1204","67.39","47.17","","3.95","3.4811","2.1104","100","100","25","3.8394","0.6169","0.0794","3.2725"
"1205","237.78","166.44","","9.91","3.7788","2.3604","74.0881","74.0881","50.8103","3.8233","0.5419","0.0882","6.1562"
"1206","347.47","243.23","","12.84","3.5558","3.024","75.3369","75.3369","60.9231","3.1828","0.3428","0.0816","8.5482"
"1207","156.9","109.83","","7.01","4.3122","3.3623","79.7921","79.7921","25","2","0.2413","0.1038","1.2332"
"1208","176.99","123.9","","7.91","3.7692","2.2657","81.1248","81.1248","42.9607","3.8643","0.5703","0.0879","5.3715"
"1209","398.87","279.21","","14.38","2.164","2.2768","69.0543","69.0543","38.5907","3.5562","0.567","0.0408","2.7937"
"1210","240.22","168.16","","9.4","3.4575","2.806","82.1452","82.1452","37.2678","2.9947","0.4082","0.0788","4.2557"
"1211","323.96","226.77","","12.52","3.5302","2.426","68.0322","68.0322","58.0137","3.821","0.5222","0.0809","6.9299"
"1212","48.24","35.76","22","3.43","3.7466","2.2662","100","100","25","3.5657","0.5702","0.0872","2.749"
"1213","269.29","188.5","","11.05","3.6711","2.4536","65.4718","65.4718","45.8723","3.4407","0.5139","0.085","3.916"
"1214","185.86","130.1","","7.2","2.7237","2.3097","97.8752","97.8752","25","3.3693","0.5571","0.0572","1.5471"
"1215","13.58","24.21","16","2.38","4.588","2.8955","100","100","25","2.7483","0.3813","0.1119","3.1711"
"1216","216.04","151.23","","8.12","3.0583","2.7138","95.7696","95.7696","31.2671","3.1787","0.4359","0.067","4.7601"
"1217","238.29","166.81","","10.48","3.9342","2.0683","66.4638","66.4638","57.3912","4.2735","0.6295","0.0927","6.583"
"1218","234.46","164.12","","9.01","3.2841","2.9127","86.569","86.569","31.5661","2.7728","0.3762","0.0737","3.5938"
"1219","430.51","301.36","","16.44","3.3811","3.0144","44.0473","44.0473","54.938","2.5701","0.3457","0.0765","3.0414"
"1220","664.75","465.33","","22.93","2.0357","1.5394","38.4522","38.4522","76.7261","5.0578","0.7882","0.037","7.0855"
"1221","455.69","318.98","","16.85","3.1001","2.1997","51.5768","51.5768","66.979","4.106","0.5901","0.0683","6.6987"
"1222","203.81","142.66","","9.27","4.8","3.0318","67.9448","67.9448","57.5709","2.9756","0.3404","0.1354","6.8208"
"1223","533.8","373.66","","19.55","2.779","2.0267","38.3272","38.3272","67.4921","4.155","0.642","0.0589","5.0373"
"1224","448.74","314.12","","16.82","3.1265","2.6573","47.1375","47.1375","58.0609","3.1863","0.4528","0.069","4.1423"
"1225","86.35","62.33","23","5.34","4.1589","2.1983","87.227","87.227","41.6408","4.0169","0.5905","0.0993","5.8983"
"1226","45.06","46.43","18","4.4","4.6914","2.519","79.8562","79.8562","33.251","3.254","0.4943","0.1149","3.0655"
"1227","288.39","201.87","","12.21","4.4646","3.0711","51.1997","51.1997","54.3619","2.5866","0.3287","0.1083","3.8725"
"1228","209.89","146.92","","9.54","4.8","3.0328","65.7267","65.7267","57.0197","2.9267","0.3401","0.1199","6.4025"
"1229","483.81","338.66","","17.37","2.4548","2.489","56.75","56.75","56.469","3.5242","0.5033","0.0493","5.0793"
"1230","280.57","196.4","","11.59","3.7165","2.7237","57.4544","57.4544","38.3361","2.7588","0.4329","0.0864","1.1844"
"1231","113.32","79.33","","5.62","3.6076","1.8142","100","100","51.2941","5.0499","0.7057","0.0832","10.3408"
"1232","420.34","294.24","","16.6","3.7369","2.3143","37.8326","37.8326","67.2719","3.7465","0.5557","0.087","4.9226"
"1233","131.98","92.38","","6.15","4.1416","2.7715","90.3358","90.3358","38.2336","3.1909","0.4185","0.0988","5.5651"
"1234","543.92","380.75","","19.41","2.3657","2.2557","47.5421","47.5421","63.2718","3.8749","0.5733","0.0467","5.3428"
"1235","226.67","158.67","","8.87","2.8308","2.1639","84.8981","84.8981","28.927","3.711","0.6008","0.0604","2.7894"
"1236","262.23","183.56","","10.64","3.7197","2.8777","67.4772","67.4772","38.3787","2.7006","0.3867","0.0864","2.5359"
"1237","192.3","134.61","","8.05","3.0698","1.8951","85.0571","85.0571","34.7441","4.2284","0.6815","0.0674","4.0905"
"1238","331.17","231.82","","12.54","3.1651","2.3446","70.0496","70.0496","51.0045","3.7884","0.5466","0.0702","5.6581"
"1239","434.59","304.21","","16.19","3.0272","2.0735","52.9466","52.9466","62.4175","4.1863","0.628","0.0661","5.8786"
"1240","241.96","169.37","","10.23","4.1592","3.2636","61.7557","61.7557","34.1645","2","0.2709","0.0993","0.8426"
"1241","250.71","175.49","","11.58","4.5711","2.4448","50.6737","50.6737","62.1539","3.6345","0.5166","0.1114","5.5162"
"1242","605.02","423.51","","21.95","2.4159","2.7228","31.7584","31.7584","67.1648","3.0898","0.4332","0.0482","4.0856"
"1243","173.87","121.71","","8.47","4.2108","2.2105","72.565","72.565","53.184","4.0656","0.5869","0.1009","6.4744"
"1244","173.36","121.35","","6.92","2.654","1.6262","99.0664","99.0664","35.4106","4.8279","0.7621","0.0552","6.1132"
"1245","505.48","353.84","","19.34","3.4151","3.0097","26.5847","26.5847","63.8637","2.534","0.3471","0.0775","2.6666"
"1246","7.68","23.92","14","2.31","4.32","2.555","100","100","25","3.2475","0.4835","0.1041","3.4427"
"1247","393.69","275.58","","15.1","3.6301","2.5496","53.7201","53.7201","65.6062","3.6231","0.4851","0.0838","6.6837"
"1248","375.48","262.84","","13.98","3.0962","2.5788","65.1746","65.1746","52.7775","3.4365","0.4764","0.0682","5.3953"
"1249","169.07","118.35","","9.17","4.7609","2.3368","57.71","57.71","57.4521","3.7727","0.549","0.117","5.4241"
"1250","387.41","271.19","","14.93","3.7455","2.5083","54.6125","54.6125","69.0657","3.78","0.4975","0.0872","7.5643"
"1251","417.03","291.92","","17.04","4.2467","2.5238","28.2546","28.2546","73.5239","3.469","0.4928","0.1019","5.0155"
"1252","465.72","326","","17.82","3.5616","2.2975","38.2528","38.2528","72.8378","3.9151","0.5607","0.0818","6.2034"
"1253","114.38","80.77","24","6.62","4.2765","2.1697","77.4741","77.4741","45.8472","4.0131","0.5991","0.1028","5.5177"
"1254","114.47","80.13","","6.25","4.2193","2.4398","79.5068","79.5068","36.3279","3.4346","0.5181","0.1011","3.6957"
"1255","235.3","164.71","","9.79","4.5049","3.3766","71.5994","71.5994","50.0862","2.3701","0.237","0.1095","5.6636"
"1256","311","217.7","","12.12","3.8021","2.9913","67.09","67.09","52.5716","2.8934","0.3526","0.0889","5.6065"
"1257","353.82","247.68","","12.34","2.374","1.701","87.2408","87.2408","56.3969","5.0698","0.7397","0.047","9.1465"
"1258","258","180.6","","9.03","1.8264","1.7362","99.7544","99.7544","27.2988","4.4843","0.7291","0.0309","4.4207"
"1259","81.93","57.35","","4.34","3.8782","2.6766","97.9177","97.9177","25","2.8578","0.447","0.0911","1.4858"
"1260","645.24","451.67","","21.94","2.1548","1.5","47.9191","47.9191","82.1079","5.4133","0.805","0.0405","9.5373"
"1261","224.54","157.18","","8.15","1.9912","1.7909","100","100","25","4.165","0.7127","0.0357","2.2715"
"1262","176.79","123.76","","6.81","3.0525","2.5478","100","100","26.9427","3.4121","0.4857","0.0669","4.8046"
"1263","322.96","226.08","","12.34","3.3907","2.3376","71.2938","71.2938","57.4121","3.9772","0.5487","0.0768","7.2344"
"1264","452.36","316.65","","17.67","3.9548","2.5959","34.2039","34.2039","75.6282","3.5131","0.4712","0.0933","6.2751"
"1265","-86","16.2","10","-0.26","4.8","2.2789","100","100","25","3.8645","0.5663","0.1217","5.532"
"1266","148.2","103.74","","6.65","3.8691","2.3977","92.3323","92.3323","45.6061","3.9196","0.5307","0.0908","7.4544"
"1267","186.97","130.88","","7.14","3.2129","3.0723","100","100","25","2.4225","0.3283","0.0716","2.4424"
"1268","382.78","267.95","","14.49","2.8823","2.4029","56.6538","56.6538","44.0266","3.33","0.5291","0.0619","2.3291"
"1269","80.3","57.18","24","4.77","4.3991","2.568","94.5086","94.5086","44.1277","3.6816","0.4796","0.1064","7.4206"
"1270","413.36","289.35","","16.34","3.7801","2.5567","37.8563","37.8563","63.5504","3.3205","0.483","0.0882","4.1071"
"1271","218.29","152.8","","8.5","2.7164","2.0921","87.7538","87.7538","27.0434","3.8061","0.6224","0.057","2.7575"
"1272","304.21","212.95","","12.03","2.9508","1.5502","67.5253","67.5253","50.2315","4.823","0.7849","0.0639","5.15"
"1273","123.83","86.68","","5.55","3.9157","2.8279","96.6414","96.6414","31.4824","3.0405","0.4016","0.0922","4.9242"
"1274","507.45","355.21","","17.85","2.5543","1.9009","58.9778","58.9778","70.8538","4.7262","0.6797","0.0523","8.5423"
"1275","-16.43","20.63","11","1.71","4.3244","2.3801","100","100","25","3.4145","0.536","0.1042","2.7962"
"1276","124.54","87.18","","5.34","3.4479","2.4907","100","100","25","3.6891","0.5028","0.0785","6.5523"
"1277","37.66","31.19","19","2.94","4.657","3.145","100","100","25","2.593","0.3065","0.1139","4.8235"
"1278","246.29","172.4","","9.35","3.6254","2.7808","90.3157","90.3157","52.3183","3.5299","0.4158","0.0837","8.661"
"1279","249.65","174.76","","8.84","2.1713","2.305","100","100","25","3.6627","0.5585","0.041","4.0732"
"1280","188.19","131.73","","7.33","3.289","2.7815","95.5212","95.5212","28.8914","3.0226","0.4156","0.0738","4.2042"
"1281","118.13","82.69","","5.21","4.1385","3.1269","100","100","31.921","2.739","0.3119","0.0987","5.8884"
"1282","74.76","52.33","","4.22","3.6414","2.1354","100","100","30.8202","4.1814","0.6094","0.0841","6.5846"
"1283","306.84","214.79","","11.33","3.3109","2.8303","82.7549","82.7549","51.3819","3.3234","0.4009","0.0745","7.4425"
"1284","47.61","41.21","19","3.85","4.8","2.9403","89.475","89.475","32.2381","2.7958","0.3679","0.12","4.1308"
"1285","159.62","111.74","","7.64","4.3478","2.7878","73.3036","73.3036","38.1245","2.9066","0.4137","0.1049","3.2602"
"1286","313","219.1","","11.72","3.0078","2.7961","75.71","75.71","38.5568","2.9426","0.4112","0.0656","3.6776"
"1287","101.43","71","","4.72","4.3884","3.2288","100","100","31.9644","2.7109","0.2814","0.1061","6.8748"
"1288","206.53","144.57","","7.84","2.9337","2.7166","95.6373","95.6373","25","2.94","0.435","0.0634","2.6929"
"1289","242.31","169.62","","10.9","4.3789","2.6548","54.1957","54.1957","50.1023","3.0981","0.4536","0.1058","3.3366"
"1290","88.36","61.85","","4.93","4.5064","2.8767","91.1178","91.1178","36.7639","3.0214","0.387","0.1095","5.3464"
"1291","260.7","182.49","","10.97","3.8886","2.267","66.6504","66.6504","56.6008","3.9833","0.5699","0.0914","6.4341"
"1292","378.48","264.93","","15","3.7727","3.3886","39.7431","39.7431","40.7599","2","0.2334","0.088","0"
"1293","641.08","448.75","","21.02","1.9112","1.9405","67.7899","67.7899","87.8639","5.2311","0.6678","0.0334","12"
"1294","-16.84","21.5","11","1.7","4.3695","2.404","100","100","25","3.5195","0.5288","0.1055","4.0098"
"1295","420.52","294.37","","16.71","3.6207","2.634","31.7398","31.7398","54.9538","2.9063","0.4598","0.0835","1.3967"
"1296","110.43","77.82","25","6.09","3.8368","1.6341","95.6786","95.6786","62.4668","5.4419","0.7598","0.0899","11.6118"
"1297","293.64","205.55","","11.01","3.2883","2.7997","80.7826","80.7826","45.9176","3.1989","0.4101","0.0738","5.9762"
"1298","5.09","23.73","14","2.22","4.4186","2.6318","100","100","25","3.1961","0.4605","0.1069","3.9203"
"1299","123.64","86.55","","5.62","3.589","2.4153","96.0299","96.0299","30.958","3.5855","0.5254","0.0826","4.7269"
"1300","160.65","112.46","","6.34","3.0932","2.4681","100","100","25","3.5446","0.5096","0.0681","5.0064"
"1301","439.86","307.9","","16.04","2.7357","2.0289","58.3805","58.3805","59.4113","4.2552","0.6413","0.0576","5.9449"
"1302","457.98","320.58","","16.88","3.0161","2.6536","52.1902","52.1902","60.8721","3.3385","0.4539","0.0658","5.4373"
"1303","260.94","182.66","","10.26","3.174","2.2963","76.4792","76.4792","39.3334","3.6609","0.5611","0.0704","3.9514"
"1304","140.92","98.65","","5.75","3.6171","2.9012","100","100","25","3.0535","0.3796","0.0834","5.9255"
"1305","205.38","143.77","","7.88","2.9195","2.3129","94.689","94.689","31.6654","3.7234","0.5561","0.063","4.703"
"1306","395.91","277.13","","14.45","2.9349","2.5526","67.61","67.61","55.4292","3.576","0.4842","0.0634","6.3048"
"1307","467.08","326.96","","16.55","2.4932","2.3035","64.1694","64.1694","60.298","3.9879","0.559","0.0505","6.9152"
"1308","302.08","211.45","","12.94","4.1171","2.3979","47.4122","47.4122","56.8107","3.5158","0.5306","0.0981","3.904"
"1309","450.42","315.3","","16.2","3.1456","2.312","63.6747","63.6747","74.714","4.3291","0.5564","0.0696","10.0205"
"1310","167.78","117.45","","6.82","3.5321","2.666","95.8759","95.8759","34.4999","3.3269","0.4502","0.0809","5.4855"
"1311","167.12","116.98","","6.67","2.7293","1.8992","98.7715","98.7715","28.9282","4.286","0.6802","0.0574","4.6475"
"1312","556.66","389.66","","19.64","1.935","2.6624","54.3076","54.3076","58.7939","3.3066","0.4513","0.0341","5.2637"
"1313","290.32","203.23","","10.75","2.6973","2.7312","82.8321","82.8321","29.8337","2.9221","0.4306","0.0565","2.7122"
"1314","120.68","84.48","","6.54","4.8","2.854","78.4829","78.4829","47.587","3.1309","0.3938","0.1234","6.0355"
"1315","510.62","357.43","","17.65","1.8378","1.7481","62.946","62.946","55.8939","4.6227","0.7256","0.0312","5.7825"
"1316","208.62","146.03","","9.24","4.2823","3.0537","64.456","64.456","35.47","2.34","0.3339","0.1029","1.4914"
"1317","404.5","283.15","","15.18","3.0795","2.7691","56.096","56.096","50.6344","2.9832","0.4193","0.0677","3.7081"
"1318","216.2","151.34","","8.99","3.6992","2.7515","75.9602","75.9602","34.2767","2.9007","0.4245","0.0858","2.7694"
"1319","249.98","174.99","","10.1","3.1474","2.1309","73.3462","73.3462","36.35","3.7661","0.6107","0.0697","2.8755"
"1320","150.16","105.11","","8.02","4.7806","2.6744","65.1062","65.1062","48.8553","3.206","0.4477","0.1176","4.5233"
"1321","226.38","158.47","","10.44","4.599","2.8448","53.7578","53.7578","48.7937","2.7975","0.3966","0.1122","2.99"
"1322","151.99","106.39","","7.37","3.9927","2.2924","78.8703","78.8703","41.9118","3.7672","0.5623","0.0945","4.8389"
"1323","220.62","154.43","","8.74","3.4405","2.8938","83.4128","83.4128","30.1389","2.715","0.3819","0.0783","2.8571"
"1324","138.89","97.22","","6.87","3.725","2.0682","81.6199","81.6199","37.1958","3.9993","0.6295","0.0866","4.1696"
"1325","364.95","255.46","","13.8","2.9407","2.1024","62.2835","62.2835","49.9859","3.9779","0.6193","0.0636","4.394"
"1326","188.22","131.75","","8.49","3.8928","2.2384","76.822","76.822","47.5297","3.9507","0.5785","0.0915","5.8005"
"1327","577.88","404.51","","21.64","3.6051","2.7711","22.2854","22.2854","85.5509","3.3389","0.4187","0.0831","6.862"
"1328","109.81","77.16","25","6.16","4.6015","2.585","83.3987","83.3987","49.7417","3.6295","0.4745","0.1123","7.1679"
"1329","241.25","168.87","","9.62","3.2367","2.4926","77.1914","77.1914","32.5238","3.2317","0.5022","0.0723","2.5487"
"1330","533.58","373.51","","18.18","1.4972","1.8986","66.4064","66.4064","53.762","4.4151","0.6804","0.0213","5.7769"
"1331","254.43","178.1","","10.15","3.2708","2.3847","74.6747","74.6747","37.4233","3.4642","0.5346","0.0733","3.2896"
"1332","554.02","387.81","","19.78","2.4676","1.757","43.9126","43.9126","68.8142","4.6439","0.7229","0.0497","6.0761"
"1333","279.86","195.91","","10.83","3.4737","2.7338","76.0352","76.0352","45.2711","3.201","0.4299","0.0792","5.1983"
"1334","163.31","114.32","","6.46","3.1443","2.4574","100","100","28.5475","3.5702","0.5128","0.0696","5.102"
"1335","340.07","238.05","","11.8","1.8968","1.9868","89.5074","89.5074","36.5717","4.2157","0.654","0.033","5.0885"
"1336","396.91","277.83","","14.94","2.8262","2.0469","56.0815","56.0815","50.1182","3.9631","0.6359","0.0602","3.5926"
"1337","227.57","159.3","","9.02","2.9801","1.9495","84.8182","84.8182","39.0787","4.2583","0.6651","0.0647","5.0121"
"1338","281.18","196.83","","10.31","3.0415","2.3868","89.5032","89.5032","49.7607","3.9953","0.5339","0.0666","7.9895"
"1339","320.46","224.33","","13.06","4.0823","2.7542","53.5043","53.5043","58.0525","3.1497","0.4237","0.0971","4.993"
"1340","216.74","151.72","","9.67","4.3622","2.4428","72.3929","72.3929","63.6386","4.005","0.5172","0.1053","8.7514"
"1341","519.68","363.78","","18.52","2.651","2.0091","52.0524","52.0524","70.3876","4.4605","0.6473","0.0551","7.5123"
"1342","135.78","95.05","","5.69","3.5109","2.7243","99.6323","99.6323","26.1545","3.0954","0.4327","0.0803","4.1526"
"1343","129.44","90.61","","6.87","4.6332","2.9235","70.3875","70.3875","33.3811","2.557","0.3729","0.1132","1.8262"
"1344","246.93","172.85","","8.97","2.5021","2.4032","95.5417","95.5417","28.5777","3.5351","0.529","0.0507","4.1379"
"1345","447.19","313.03","","17.13","3.4162","2.3556","40.7022","40.7022","64.9901","3.6763","0.5433","0.0775","4.8049"
"1346","462.37","323.66","","17.29","2.8555","2.189","44.1878","44.1878","56.074","3.7356","0.5933","0.0611","3.3101"
"1347","166.42","116.5","","6.54","2.7773","2.1717","100","100","25","3.7778","0.5985","0.0588","3.473"
"1348","352.86","247","","13.27","3.097","3.0027","66.3641","66.3641","42.0381","2.6033","0.3492","0.0682","3.1919"
"1349","397.13","277.99","","14.95","3.0731","2.7038","56.2166","56.2166","49.3385","3.0424","0.4389","0.0675","3.4391"
"1350","204.6","143.22","","8.46","3.0689","1.8897","83.7272","83.7272","36.8","4.267","0.6831","0.0674","4.3647"
"1351","131.7","92.19","","5.55","3.8974","3.2899","100","100","25","2.0756","0.263","0.0917","2.0236"
"1352","176.86","123.8","","9.02","4.4992","2.4042","60.0735","60.0735","48.6436","3.4957","0.5287","0.1093","3.8027"
"1353","92.62","64.84","","4.52","3.9687","3.0163","100","100","25","2.0492","0.3451","0.0937","0"
"1354","326.48","228.54","","11.8","2.3385","2.6238","82.6396","82.6396","31.069","3.0978","0.4629","0.0459","2.9582"
"1355","409.68","286.78","","15.47","3.4898","2.5597","54.87","54.87","65.8782","3.6335","0.4821","0.0797","6.8975"
"1356","233.09","163.16","","9.37","3.2382","2.1272","80.8209","80.8209","41.7631","4.0203","0.6118","0.0723","5.0674"
"1357","475.15","332.61","","18.28","3.4599","2.5027","31.7816","31.7816","65.1975","3.3435","0.4992","0.0788","3.6559"
"1358","180.31","126.22","","7.05","3.2216","2.8352","96.825","96.825","25","2.7823","0.3994","0.0718","2.7403"
"1359","423.53","296.47","","16.34","3.4875","2.5291","43.008","43.008","60.9492","3.3719","0.4913","0.0796","4.2247"
"1360","310.66","217.46","","11.68","2.8207","1.5","78.1476","78.1476","52.6724","5.5878","0.9","0.0601","7.1094"
"1361","98.02","68.91","25","5.63","4.7557","2.9037","82.8146","82.8146","41.1042","2.9664","0.3789","0.1168","5.1894"
"1362","317.98","222.59","","12.37","3.6","2.6041","66.6129","66.6129","54.3869","3.4639","0.4688","0.0829","5.942"
"1363","120.56","84.39","","5.9","3.9729","2.568","88.2648","88.2648","32.5474","3.297","0.4796","0.0939","4.0368"
"1364","363.8","254.66","","13.28","2.6951","1.8129","73.5272","73.5272","55.5429","4.686","0.7061","0.0564","7.1222"
"1365","152.55","106.78","","6.37","3.2937","2.098","100","100","41.0253","4.3512","0.6206","0.0739","7.626"
"1366","244.95","171.47","","9.57","3.3138","2.6184","81.4113","81.4113","37.159","3.2387","0.4645","0.0745","4.1335"
"1367","113.88","79.71","","5.12","3.9918","2.8542","100","100","32.3928","3.2421","0.3937","0.0944","7.0171"
"1368","173.74","121.62","","8.56","4.8","2.9633","62.3654","62.3654","45.8223","2.6912","0.361","0.14","3.489"
"1369","218.24","152.77","","9.95","4.3649","2.722","59.0939","59.0939","45.2143","2.9581","0.4334","0.1054","2.9171"
"1370","136.44","95.51","","6.33","3.6108","2.0936","92.8384","92.8384","42.0928","4.2576","0.6219","0.0832","6.7492"
"1371","174.25","121.97","","6.69","2.8021","2.167","100","100","25","4.115","0.5999","0.0595","6.3825"
"1372","364.17","254.92","","13.12","2.5728","2.4666","76.6437","76.6437","44.9717","3.5702","0.51","0.0528","5.2139"
"1373","348.74","244.12","","13.43","2.9492","2.4028","58.5874","58.5874","38.7005","3.2265","0.5292","0.0638","1.4163"
"1374","170.7","119.49","","7.14","3.4218","2.7979","89.2364","89.2364","25","2.417","0.4106","0.0777","0"
"1375","366.07","256.25","","13.82","3.7349","3.0059","64.8021","64.8021","63.527","3.1124","0.3482","0.0869","7.7103"
"1376","298.75","209.13","","11.76","2.9279","1.9069","66.6422","66.6422","40.2598","4.0698","0.6779","0.0632","2.8379"
"1377","313.03","219.12","","11.95","3.1489","2.1258","72.9169","72.9169","52.2025","4.1628","0.6122","0.0697","6.3056"
"1378","100.91","70.73","25","5.85","4.1017","2.3183","79.6054","79.6054","31.7088","3.4877","0.5545","0.0976","2.6927"
"1379","201.58","141.11","","8.02","2.9318","1.7388","93.4135","93.4135","43.9835","4.8015","0.7284","0.0633","7.2422"
"1380","157.51","110.26","","6.46","3.548","2.4452","100","100","41.8513","3.9027","0.5164","0.0814","7.8802"
"1381","189.13","132.39","","7.69","3.7215","2.7583","90.2747","90.2747","39.8782","3.2493","0.4225","0.0865","5.9187"
"1382","244.3","171.01","","9.01","2.491","2.2421","92.5269","92.5269","27.9335","3.6946","0.5774","0.0504","3.5925"
"1383","174.33","122.03","","6.9","3.0412","2.0184","100","100","39.2395","4.4693","0.6445","0.0665","7.703"
"1384","115.05","80.53","","5.63","4.2222","2.6195","95.2768","95.2768","46.0123","3.6695","0.4641","0.1012","7.938"
"1385","175.69","122.99","","7.97","4.5345","2.7235","83.7063","83.7063","61.51","3.7379","0.4329","0.1103","9.7981"
"1386","134.9","94.43","","5.7","3.2256","2.4647","100","100","25","3.234","0.5106","0.072","2.2317"
"1387","150.23","105.16","","6.08","3.5399","2.9869","99.4775","99.4775","25","2.6294","0.3539","0.0812","3.2298"
"1388","129.33","90.53","","6.59","4.0689","2.3651","81.6745","81.6745","38.997","3.637","0.5405","0.0967","4.5731"
"1389","44.69","45.14","18","4.27","4.7724","2.653","81.2361","81.2361","32.8724","3.0813","0.4541","0.1173","3.167"
"1390","148.43","103.9","","7.21","3.6506","2.2684","74.5652","74.5652","25","3.2162","0.5695","0.0844","0"
"1391","296.16","207.31","","11.86","3.9787","3.0135","63.0744","63.0744","50.5446","2.751","0.3459","0.094","4.6228"
"1392","61.04","42.73","","3.7","3.9089","2.5444","100","100","25","3.2501","0.4867","0.092","3.3379"
"1393","284.97","199.48","","11.19","3.313","2.3828","71.2054","71.2054","44.1129","3.5812","0.5351","0.0745","4.2967"
"1394","189","132.3","","7.41","3.2313","2.2872","97.5949","97.5949","41.2869","4.0436","0.5638","0.0721","7.2089"
"1395","294.42","206.09","","10.07","1.8108","1.9902","100","100","31.6333","4.2577","0.6529","0.0304","5.4989"
"1396","299.17","209.42","","12","3.5922","2.4308","63.0512","63.0512","49.5489","3.527","0.5208","0.0827","4.4007"
"1397","18.8","34.81","17","3.1","4.8","2.5379","99.8314","99.8314","50.5577","3.9647","0.4886","0.1316","9.5479"
"1398","288.6","202.02","","11.52","3.5219","2.4005","67.2528","67.2528","48.4521","3.6052","0.5298","0.0806","4.722"
"1399","169.87","118.91","","7.32","3.8458","2.8534","84.1776","84.1776","30.4851","2.7909","0.394","0.0901","3.0357"
"1400","344.92","241.44","","12.89","3.2039","2.8763","70.4666","70.4666","47.8821","2.9856","0.3871","0.0713","5.027"
"1401","59.7","43.8","22","3.76","4.1692","2.5444","100","100","32.0574","3.8367","0.4867","0.0996","8.5002"
"1402","157.33","110.13","","7.25","3.7678","2.4856","79.002","79.002","29.1695","3.185","0.5043","0.0879","2.0532"
"1403","209.01","146.31","","7.74","2.4924","1.7166","100","100","35.0964","4.9168","0.735","0.0504","7.9878"
"1404","231.04","161.73","","9.66","3.8859","2.8587","70.1682","70.1682","37.6392","2.7493","0.3924","0.0913","2.7336"
"1405","305.75","214.02","","12.04","3.5619","2.3411","67.6767","67.6767","55.776","3.8764","0.5477","0.0818","6.39"
"1406","277.89","194.52","","10.75","3.2127","2.8032","74.5336","74.5336","33.7819","2.7955","0.409","0.0716","2.4696"
"1407","322.25","225.57","","13.91","4.2645","2.1839","43.799","43.799","69.0484","4.0611","0.5948","0.1024","6.1124"
"1408","181.22","126.85","","7.62","4.0212","3.3928","82.4714","82.4714","25","2","0.2322","0.0953","0.2238"
"1409","167.63","117.34","","6.6","3.3637","2.6514","100","100","32.3121","3.4088","0.4546","0.076","6.0292"
"1410","591.15","413.8","","21.87","3.2445","2.3893","24.1318","24.1318","81.6654","3.7947","0.5332","0.0725","6.2545"
"1411","63.38","44.62","24","3.85","3.5099","2.0561","100","100","25","4.1533","0.6332","0.0803","5.3785"
"1412","249.1","174.37","","10.21","3.2944","2.1766","70.7","70.7","37.8914","3.7015","0.597","0.074","2.8603"
"1413","278.67","195.07","","9.94","2.6107","2.457","94.8753","94.8753","38.9766","3.711","0.5129","0.0539","6.3364"
"1414","333.63","233.54","","12.84","3.245","2.5193","64.0332","64.0332","46.4351","3.3424","0.4942","0.0725","3.8471"
"1415","266.44","186.51","","10.77","3.8538","2.7367","70.0185","70.0185","49.2087","3.204","0.429","0.0904","5.2588"
"1416","500.69","350.48","","18.86","3.504","2.6199","35.6968","35.6968","74.1923","3.4669","0.464","0.0801","6.1591"
"1417","275.46","192.82","","10.99","3.9403","3.1313","69.0498","69.0498","45.8845","2.5636","0.3106","0.0929","4.3978"
"1418","113.21","79.41","25","6.57","4.8","2.9498","66.2537","66.2537","30.5575","2.3874","0.3651","0.1241","0.6514"
"1419","93.05","65.13","","4.59","3.3733","2.1782","100","100","25","3.8539","0.5965","0.0763","4.2213"
"1420","217.55","152.29","","9.38","4.0038","2.8798","67.3926","67.3926","34.9103","2.6098","0.3861","0.0948","1.7615"
"1421","-40.88","19.51","11","1.13","4.221","2.0562","99.6867","99.6867","25","3.9502","0.6331","0.1011","3.5915"
"1422","220.73","154.51","","8.33","3.0222","2.9235","93.1501","93.1501","25","2.6672","0.373","0.066","2.7956"
"1423","206.23","144.36","","8.11","3.2801","2.3927","91.8349","91.8349","39.7025","3.7713","0.5322","0.0736","6.089"
"1424","281.68","197.18","","11.64","4.1187","2.9431","59.246","59.246","49.4491","2.7623","0.3671","0.0981","3.8692"
"1425","216.59","151.61","","8.46","3.9912","3.1943","90.7727","90.7727","47.3236","2.8435","0.2917","0.0944","7.6234"
"1426","369.42","258.59","","14.41","3.9588","2.4848","57.481","57.481","74.3258","3.9875","0.5046","0.0935","9.1057"
"1427","58.44","40.91","","3.58","4.3119","3.0472","100","100","25","2.2169","0.3358","0.1038","0.33"
"1428","327.2","229.04","","11.48","1.8684","1.6412","87.6247","87.6247","36.2","4.6529","0.7576","0.0321","4.7546"
"1429","289.79","202.85","","11.02","3.3917","2.5096","79.3993","79.3993","52.4202","3.7392","0.4971","0.0768","7.2216"
"1430","345.66","241.96","","13.29","2.8933","1.7901","62.6547","62.6547","49.2787","4.3952","0.713","0.0622","4.2881"
"1431","370.02","259.02","","14.03","3.3162","2.5688","60.9826","60.9826","54.9914","3.4418","0.4793","0.0746","5.321"
"1432","477.54","334.28","","18.16","3.7055","3.1062","36.6967","36.6967","70.7346","2.727","0.3181","0.086","5.5323"
"1433","149.7","104.79","","6.05","3.6603","3.1737","100","100","25","2.3325","0.2979","0.0847","2.8779"
"1434","231.33","161.93","","9.15","3.3934","1.7868","92.4359","92.4359","65.7386","5.2645","0.714","0.0769","11.8974"
"1435","506.05","354.24","","17.56","2.0548","2.2918","65.893","65.893","59.127","4.0009","0.5625","0.0376","6.8884"
"1436","298.48","208.94","","11.12","3.132","2.8776","80.8005","80.8005","41.1231","2.9721","0.3867","0.0692","4.9239"
"1437","151.34","105.94","","7.5","4.8","3.1636","69.6573","69.6573","39.0206","2.3567","0.3009","0.1239","2.9691"
"1438","242.63","169.84","","9.06","2.5294","2.1021","90.5594","90.5594","29.7573","3.9029","0.6194","0.0515","3.7302"
"1439","110.29","77.21","","4.97","3.6921","2.7113","100","100","25.5099","3.1289","0.4366","0.0856","4.2908"
"1440","116.44","81.51","","6.09","3.5705","1.8797","86.4058","86.4058","35.6228","4.2921","0.6861","0.0821","4.4644"
"1441","268.27","187.79","","11.52","4.4684","2.7582","58.7559","58.7559","61.8729","3.3197","0.4226","0.1084","6.5367"
"1442","338.96","237.27","","14.24","4.3354","2.8883","37.7029","37.7029","57.1559","2.7024","0.3835","0.1045","2.6797"
"1443","348.61","244.03","","12.46","2.7156","2.3699","82.3858","82.3858","51.171","3.9456","0.539","0.057","7.3467"
"1444","1.84","31.04","14","2.91","4.1228","1.9491","89.7965","89.7965","28.1292","4.0608","0.6653","0.0983","3.2699"
"1445","175.01","122.51","","8.42","4.4176","2.4203","74.5051","74.5051","57.2907","3.9093","0.5239","0.1069","7.6377"
"1446","442.92","310.04","","16.9","3.0869","2.538","40.7673","40.7673","52.1055","3.1044","0.4886","0.0679","1.979"
"1447","467","326.9","","17.82","3.8141","2.8438","38.7669","38.7669","75.1372","3.2293","0.3969","0.0892","6.7781"
"1448","-67.2","18.6","11","0.38","4.6532","2.2238","100","100","27.5684","3.9845","0.5829","0.1138","5.9214"
"1449","293.07","205.15","","11.32","3.4752","2.7994","73.0442","73.0442","45.2751","3.0655","0.4102","0.0793","4.7986"
"1450","217.99","152.59","","9.65","3.5127","1.9152","68.2296","68.2296","41.8293","4.1217","0.6754","0.0804","3.3958"
"1451","407.94","285.56","","16.2","3.8714","2.5709","37.9617","37.9617","65.0182","3.3393","0.4787","0.0909","4.4441"
"1452","159.81","111.87","","6.9","3.1996","2.1209","89.0534","89.0534","28.4769","3.822","0.6137","0.0712","3.2468"
"1453","356.21","249.35","","14.47","3.8213","1.998","50.241","50.241","69.7517","4.4323","0.6506","0.0894","7.1298"
"1454","392.15","274.51","","14.15","2.9597","2.1708","72.6424","72.6424","64.2279","4.3974","0.5988","0.0642","8.9144"
"1455","126.45","88.52","","5.37","4.0925","3.4439","100","100","25","2","0.2168","0.0974","2.687"
"1456","69.14","48.4","","3.8","4.3297","3.0763","100","100","25","2.6334","0.3271","0.1043","4.3464"
"1457","497.04","347.93","","17.54","2.6044","2.077","60.2289","60.2289","69.3463","4.4654","0.6269","0.0537","8.3781"
"1458","204.93","143.45","","8.28","3.1954","2.5178","83.6404","83.6404","25.9545","3.1309","0.4947","0.0711","1.967"
"1459","122.96","86.07","","5.75","4.1511","2.6479","96.8638","96.8638","46.1158","3.6573","0.4556","0.0991","8.1733"
"1460","44.46","34.33","21","3.2","4.49","2.9678","100","100","27.5187","2.8204","0.3597","0.109","4.6799"
"1461","383.9","268.73","","13.96","2.4968","2.0924","69.1911","69.1911","46.6582","4.0135","0.6223","0.0506","4.5869"
"1462","567.27","397.09","","21.09","3.7054","2.0596","31.1113","31.1113","97.1394","4.7411","0.6321","0.086","10.5934"
"1463","159.66","111.76","","7.32","3.7584","2.6043","77.176","77.176","25","2.8333","0.4687","0.0876","0.3957"
"1464","210.74","147.52","","8.37","3.5438","2.8441","86.7921","86.7921","34.7998","2.9514","0.3968","0.0813","4.3351"
"1465","431.68","302.17","","15.79","2.6069","2.6791","59.5691","59.5691","48.0101","3.0942","0.4463","0.0538","3.5958"
"1466","105.29","73.7","","5.2","4.584","3.3389","90.4403","90.4403","29.2664","2.1882","0.2483","0.1118","3.6063"
"1467","459.91","321.94","","18.5","4.1125","2.3731","22.627","22.627","77.519","3.6904","0.5381","0.098","5.1407"
"1468","191.91","134.34","","7.3","2.7037","2.468","100","100","25","3.1196","0.5096","0.0566","1.2657"
"1469","248.95","174.26","","9.5","3.0596","2.6205","84.9456","84.9456","33.0326","3.1865","0.4639","0.0671","3.699"
"1470","303.89","212.72","","12.14","3.7107","2.4876","63.8367","63.8367","54.3492","3.5809","0.5037","0.0862","5.5619"
"1471","168.81","118.17","","6.65","3.1946","2.2641","100","100","34.5249","4.2384","0.5708","0.071","8.6443"
"1472","78.1","54.67","","4.06","4.2611","3.0286","100","100","26.4667","2.7854","0.3414","0.1023","5.1079"
"1473","90.99","63.69","","4.53","3.6819","2.6407","100","100","25","2.7488","0.4578","0.0853","0.0924"
"1474","222.01","155.41","","8.37","2.4074","1.575","95.0654","95.0654","36.2234","4.8578","0.7775","0.0479","5.7562"
"1475","196.35","137.45","","7.37","3.2844","2.664","100","100","35.4678","3.6845","0.4508","0.0737","8.6077"
"1476","49.79","43.92","19","4.11","4.6333","2.6767","87.3497","87.3497","33.598","3.1599","0.447","0.1132","4.1453"
"1477","677.31","474.12","","22.52","1.9768","1.8018","55.2666","55.2666","87.8575","5.2312","0.7095","0.0353","11.7861"
"1478","423.72","296.6","","16.31","3.8205","3.2225","43.8767","43.8767","63.591","2.4978","0.2833","0.0894","4.9222"
"1479","250.23","175.16","","8.74","1.784","1.611","100","100","25","4.7633","0.7667","0.0297","5.3603"
"1480","249.31","174.51","","10.51","3.9377","2.8498","62.2877","62.2877","38.3019","2.6581","0.395","0.0928","1.8241"
"1481","370.96","259.67","","13.55","3.2605","2.621","73.7039","73.7039","62.6732","3.7558","0.4637","0.073","8.7145"
"1482","483.37","338.36","","18.36","3.6149","2.3047","37.7181","37.7181","78.0993","4.0287","0.5586","0.0834","7.2893"
"1483","191.27","133.89","","7.84","3.1968","2.5481","85.8845","85.8845","25","2.9301","0.4856","0.0711","0.5668"
"1484","167.35","117.15","","7.42","3.4601","1.9907","86.8595","86.8595","41.796","4.3007","0.6528","0.0788","5.8833"
"1485","479.3","335.51","","18.04","3.5585","2.6156","41.0907","41.0907","74.4059","3.5602","0.4653","0.0817","6.9284"
"1486","256.65","179.65","","11.99","4.1341","2.0146","44.7013","44.7013","52.6653","3.898","0.6456","0.0986","2.629"
"1487","430.83","301.58","","16.52","3.4096","2.1302","45.4768","45.4768","67.2932","4.1166","0.611","0.0773","5.951"
"1488","254.42","178.09","","10.19","3.7673","2.7039","75.6438","75.6438","48.3608","3.3135","0.4388","0.0878","5.8256"
"1489","208.15","145.71","","8.68","3.9176","2.5544","83.2878","83.2878","51.2175","3.7067","0.4837","0.0922","7.4777"
"1490","370.33","259.23","","13.11","2.6157","1.7632","81.492","81.492","61.8316","5.0327","0.7211","0.0541","9.5723"
"1491","388.82","272.17","","13.81","2.685","2.1432","76.9562","76.9562","58.9003","4.3679","0.607","0.0561","8.32"
"1492","-44.28","21.04","11","0.9","4.7603","2.5441","100","100","25","3.6751","0.4868","0.117","7.0741"
"1493","185.99","130.19","","7","2.7761","2.2451","100","100","25","4.0477","0.5765","0.0588","6.7354"
"1494","294.72","206.3","","12.43","4.1195","2.5191","53.5257","53.5257","57.2836","3.454","0.4943","0.0982","4.8267"
"1495","94.98","66.49","","5.16","3.7156","2.2473","89.12","89.12","26.0432","3.5885","0.5758","0.0863","2.7204"
"1496","172.81","120.97","","7.96","4.1017","2.2493","83.2181","83.2181","57.1677","4.274","0.5752","0.0976","8.7774"
"1497","495.4","346.78","","17.98","2.2244","1.6841","46.9631","46.9631","52.1692","4.3745","0.7448","0.0426","2.8227"
"1498","172.98","121.09","","7.09","3.8324","2.9267","93.0379","93.0379","37.2372","2.9937","0.372","0.0898","5.7077"
"1499","125.47","87.83","","5.38","3.633","2.8313","100","100","25","2.8873","0.4006","0.0839","3.617"
"1500","211.8","148.26","","8.81","3.2426","2.1812","78.4986","78.4986","32.8836","3.6887","0.5956","0.0724","2.8029"
"1501","319.68","223.77","","12.9","3.7344","2.5898","55.0937","55.0937","50.3516","3.2074","0.4731","0.0869","3.5116"
"1502","394.38","276.06","","14.44","3.1176","2.3455","67.8152","67.8152","63.3846","4.0628","0.5464","0.0688","8.0825"
"1503","475.65","332.95","","16.09","1.6842","2.1859","79.6334","79.6334","53.4163","4.2128","0.5942","0.0267","7.4721"
"1504","518.6","363.02","","18.43","2.3839","2.7257","56.6296","56.6296","61.7202","3.3281","0.4323","0.0473","6.2184"
"1505","389.28","272.5","","14.61","3.1876","2.6619","59.5639","59.5639","53.6987","3.26","0.4514","0.0708","4.8466"
"1506","189.35","132.55","","7.43","3.2407","2.7256","93.6825","93.6825","27.2297","3.0298","0.4323","0.0724","3.5924"
"1507","376.97","263.88","","16.11","4.5079","2.6983","22.6197","22.6197","65.6138","2.9455","0.4405","0.1096","2.5206"
"1508","353.98","247.79","","13.25","3.2466","2.7526","68.2816","68.2816","51.6739","3.2173","0.4242","0.0726","5.5686"
"1509","381.41","266.99","","14.05","2.796","1.5","68.6919","68.6919","61.683","5.3922","0.8428","0.0593","7.8255"
"1510","419.37","293.56","","15.55","2.661","2.2803","55.9583","55.9583","47.6832","3.5794","0.5659","0.0554","3.0404"
"1511","356.65","249.65","","13.62","3.5546","2.8998","61.8613","61.8613","54.6875","2.9925","0.3801","0.0816","5.3718"
"1512","243.36","170.36","","10.44","4.0473","2.4309","67.0024","67.0024","54.3088","3.706","0.5207","0.0961","5.9769"
"1513","306.87","214.81","","10.37","1.8535","1.5","100","100","43.2191","5.3252","0.8209","0.0317","8.1176"
"1514","613.19","429.23","","22.69","3.1397","2.3993","19.2403","19.2403","80.5738","3.6793","0.5302","0.0694","5.3593"
"1515","284.15","198.9","","11.68","4.4854","2.9388","65.2382","65.2382","68.0324","3.3239","0.3684","0.1089","8.7599"
"1516","107.82","75.48","","4.89","4.0652","3.1895","99.55","99.55","25","2.2783","0.2931","0.0966","2.5923"
"1517","526.2","368.34","","18.08","2.3299","1.8064","64.0558","64.0558","72.9531","4.9859","0.7081","0.0457","9.6841"
"1518","203.18","142.23","","8.41","4.1909","3.2784","80.8577","80.8577","39.3491","2.3775","0.2665","0.1003","4.5412"
"1519","391.79","274.25","","15.98","4.077","2.4411","35.2132","35.2132","67.8729","3.5473","0.5177","0.0969","4.7041"
"1520","363.22","254.26","","13.71","3.3326","2.7551","63.828","63.828","53.2427","3.1853","0.4235","0.0751","5.3173"
"1521","84.59","59.21","","4.3","3.8034","2.6146","100","100","25","3.24","0.4656","0.0889","4.0985"
"1522","287.95","201.57","","11.8","3.6496","2.2857","61.7955","61.7955","50.5327","3.7321","0.5643","0.0844","4.4489"
"1523","333.23","233.26","","12.7","2.8449","1.71","68.6447","68.6447","51.1215","4.6426","0.737","0.0608","5.4957"
"1524","480.84","336.59","","17.1","2.2642","1.9899","58.72","58.72","55.8932","4.226","0.653","0.0438","5.2164"
"1525","322.42","225.69","","12.21","3.0391","2.5272","70.6177","70.6177","42.1914","3.3256","0.4918","0.0665","3.7953"
"1526","145.53","101.87","","6.93","4.8","3.5","74.5513","74.5513","30.7187","2","0.2","0.14","1.798"
"1527","153.04","107.13","","6.96","4.2255","2.9348","83.4279","83.4279","36.472","2.8172","0.3696","0.1013","4.2524"
"1528","111.07","79.97","23","6.86","4.4913","2.3184","67.3758","67.3758","39.3259","3.4919","0.5545","0.1091","2.7307"
"1529","123.56","86.49","","5.4","3.621","2.6049","100","100","29.9888","3.4004","0.4685","0.0835","5.3926"
"1530","454.56","318.19","","16.35","2.434","1.5","59.2312","59.2312","59.888","5.059","0.8113","0.0487","6.1637"
"1531","150.19","105.13","","6.87","3.9621","2.6591","84.1411","84.1411","34.2511","3.1517","0.4523","0.0936","3.8594"
"1532","197.79","138.45","","8.39","3.6065","2.2334","82.9951","82.9951","45.0493","3.9895","0.58","0.0831","6.0815"
"1533","120.2","84.14","","6.53","3.9719","1.9778","83.5721","83.5721","47.0071","4.3987","0.6567","0.0938","6.5895"
"1534","114.95","80.47","","5.24","4.2194","3.345","95.6255","95.6255","25","2","0.2465","0.1011","1.3253"
"1535","475.74","333.02","","16.73","2.3424","2.2796","65.1933","65.1933","59.1789","4.0083","0.5661","0.046","6.8061"
"1536","364.06","254.84","","13.15","2.9183","2.7108","77.1698","77.1698","52.171","3.4224","0.4367","0.0629","6.8682"
"1537","279.63","195.74","","10.12","2.7862","2.3936","91.6406","91.6406","42.9689","3.8487","0.5319","0.0591","6.7816"
"1538","183.15","128.21","","7.74","3.6367","2.662","83.4011","83.4011","31.2357","3.061","0.4514","0.084","3.0969"
"1539","506.33","354.43","","17.91","1.9232","2.285","58.1505","58.1505","50.4043","3.6744","0.5645","0.0337","3.9326"
"1540","302.68","211.88","","11.64","3.2608","2.048","75.1331","75.1331","56.7971","4.4185","0.6356","0.073","7.6132"
"1541","673.91","471.74","","24.89","2.941","1.8843","6.5691","6.5691","82.1929","4.2351","0.6847","0.0636","4.0186"
"1542","136.01","95.21","","7.17","4.6633","2.8974","68.6828","68.6828","35.9149","2.6303","0.3808","0.1141","2.1553"
"1543","193.52","135.47","","8.9","4.0629","2.3542","70.3139","70.3139","46.4215","3.6647","0.5437","0.0965","4.6852"
"1544","203.9","142.73","","8.23","3.0073","2.0135","87.249","87.249","34.5837","4.095","0.646","0.0655","4.3487"
"1545","134.43","94.1","","5.76","3.7538","2.6412","100","100","36.5335","3.577","0.4576","0.0874","7.3869"
"1546","321.77","225.24","","12.82","3.3244","2.252","57.5307","57.5307","45.3074","3.5828","0.5744","0.0748","2.7283"
"1547","196.53","137.57","","9.53","4.6961","2.4675","65.9207","65.9207","65.2786","3.9135","0.5098","0.1151","8.2455"
"1548","198.59","139.01","","8.7","4.4216","2.9828","75.1039","75.1039","48.7373","2.9312","0.3552","0.107","5.8361"
"1549","235.42","164.79","","8.34","2.478","2.3935","100","100","25","3.9021","0.5319","0.05","7.2503"
"1550","178.56","124.99","","6.85","2.7474","2.0935","100","100","27.0249","4.1739","0.6219","0.0579","6.0125"
"1551","283.75","198.63","","10.42","2.7432","2.491","86.5664","86.5664","36.5904","3.4782","0.5027","0.0578","4.6988"
"1552","161.62","113.13","","7.13","4.0304","2.7021","87.2732","87.2732","41.912","3.3317","0.4394","0.0956","5.9642"
"1553","236.5","165.55","","8.55","2.5013","1.8898","100","100","40.3877","4.6058","0.6831","0.0507","7.3478"
"1554","39.43","32.07","20","3.12","4.1375","2.6092","100","100","25","3.1933","0.4672","0.0987","3.6231"
"1555","93.05","65.13","","5.05","4.124","2.5392","92.1577","92.1577","35.1606","3.4612","0.4882","0.0983","5.133"
"1556","482.76","337.93","","18.2","3.2134","2.0443","38.932","38.932","69.2927","4.185","0.6367","0.0716","5.5144"
"1557","327.03","228.92","","12.87","3.4791","2.027","64.3839","64.3839","61.6308","4.4046","0.6419","0.0794","7.2371"
"1558","169.4","118.58","","6.64","2.952","2.2181","100","100","29.4012","3.9609","0.5846","0.0639","5.6451"
"1559","447.84","313.49","","16.93","3.3163","2.6752","44.5489","44.5489","61.3214","3.2037","0.4474","0.0746","4.5129"
"1560","436.63","305.64","","16.79","3.1852","2.1181","40.8048","40.8048","58.3171","3.8377","0.6146","0.0708","3.3506"
"1561","336.94","235.86","","13.82","4.4914","2.9961","48.6097","48.6097","68.2831","2.9983","0.3512","0.1091","6.5883"
"1562","256.5","179.55","","10.17","3.6462","2.7188","76.613","76.613","45.3014","3.2312","0.4344","0.0843","5.2823"
"1563","387.01","270.91","","14.23","2.711","2.3804","65.6372","65.6372","47.2479","3.5781","0.5359","0.0569","4.2407"
"1564","372.02","260.41","","13.92","2.9867","2.4873","63.6806","63.6806","48.6793","3.4372","0.5038","0.0649","4.2936"
"1565","250.36","175.25","","9.05","2.195","1.9527","95.2385","95.2385","28.4304","4.1462","0.6642","0.0417","4.0649"
"1566","326.12","228.28","","12.33","3.1368","2.4599","71.2386","71.2386","47.8311","3.5686","0.512","0.0693","5.1192"
"1567","232.14","162.5","","10.78","4.417","2.2702","58.885","58.885","62.7834","4.0153","0.5689","0.1069","6.7543"
"1568","362.33","253.63","","13.15","2.4014","2.3976","74.1449","74.1449","38.4799","3.4648","0.5307","0.0478","3.4511"
"1569","362.99","254.09","","12.63","2.3403","2.4537","87.6022","87.6022","47.0707","3.8072","0.5139","0.046","7.1431"
"1570","553.51","387.46","","19.8","2.5666","2.3925","45.6061","45.6061","68.7292","3.7937","0.5322","0.0526","6.2842"
"1571","205.69","143.98","","7.97","3.527","2.8254","93.9285","93.9285","39.6446","3.2068","0.4024","0.0808","6.3566"
"1572","474.37","332.06","","18.6","3.5977","2.4423","24.549","24.549","64.9112","3.3094","0.5173","0.0829","2.6244"
"1573","172.1","120.47","","7.64","3.8956","2.1879","89.067","89.067","56.1487","4.4219","0.5936","0.0916","9.3365"
"1574","363.46","254.42","","13.26","2.3842","1.9825","71.6217","71.6217","41.7978","4.0801","0.6552","0.0473","3.8431"
"1575","101.74","71.22","","4.8","3.4346","2.345","100","100","25","3.5706","0.5465","0.0781","3.7451"
"1576","41.88","32.26","21","3.13","4.3516","2.8848","100","100","25","2.7276","0.3845","0.105","2.8595"
"1577","385.64","269.94","","14.46","3.0908","2.0931","61.7691","61.7691","59.4229","4.2187","0.6221","0.068","6.4012"
"1578","436.19","305.33","","15.82","2.692","2.8355","62.7817","62.7817","52.4851","3.0399","0.3993","0.0563","5.0105"
"1579","324.8","227.36","","12.94","4.0551","3.2252","56.1939","56.1939","52.0883","2.3939","0.2825","0.0963","4.0411"
"1580","123.51","86.45","","5.35","3.8215","3.0658","99.349","99.349","25","2.4098","0.3303","0.0894","2.2524"
"1581","-23.68","21.79","11","1.55","4.6019","2.5148","100","100","28.2817","3.4846","0.4956","0.1123","5.0428"
"1582","562.9","394.03","","20.67","2.8996","2.555","32.7419","32.7419","70.4943","3.4186","0.4835","0.0624","4.9498"
"1583","221.08","154.76","","8.39","3.0996","2.2497","95.3022","95.3022","44.0602","4.1296","0.5751","0.0683","7.512"
"1584","241.98","169.38","","9.86","3.5567","2.2532","77.2379","77.2379","49.2208","3.979","0.5741","0.0817","6.2282"
"1585","365.72","256","","13.2","2.6329","2.6282","76.5134","76.5134","44.9432","3.3453","0.4615","0.0546","5.1902"
"1586","287.86","201.5","","10.72","2.9402","2.1551","83.989","83.989","47.8875","4.1832","0.6035","0.0636","6.839"
"1587","431.44","302.01","","16.48","3.4066","2.2728","45.846","45.846","65.6951","3.8862","0.5682","0.0773","5.6488"
"1588","373.47","261.43","","14.79","3.64","2.076","50.8007","50.8007","66.4375","4.2507","0.6272","0.0841","6.4756"
"1589","395.76","277.04","","15.47","3.1553","2.3401","43.042","43.042","46.1843","3.2632","0.548","0.0699","0.981"
"1590","436.94","305.86","","16.29","3.2442","2.5996","52.5898","52.5898","63.0409","3.473","0.4701","0.0725","5.968"
"1591","176.47","123.53","","8.14","4.2358","2.7251","73.2182","73.2182","40.5118","3.0512","0.4325","0.1016","3.774"
"1592","269.12","188.39","","9.7","2.5818","2.2888","93.7237","93.7237","37.5903","3.8901","0.5634","0.0531","5.8772"
"1593","304.06","212.84","","12.65","3.6722","1.8215","59.0111","59.0111","63.005","4.6398","0.7035","0.0851","6.82"
"1594","116.26","81.38","","5.74","4.194","2.6013","92.7858","92.7858","43.3872","3.5911","0.4696","0.1004","7.0269"
"1595","235.52","164.87","","10.43","4.432","2.8543","59.2111","59.2111","49.4568","2.884","0.3937","0.1073","3.8662"
"1596","223.25","156.28","","9.88","4.4839","2.7138","68.504","68.504","59.4624","3.4687","0.4359","0.1089","7.3118"
"1597","325.95","228.16","","12.17","2.9208","2.1551","74.8838","74.8838","49.0966","4.0749","0.6035","0.063","5.8857"
"1598","521.37","364.96","","17.33","1.5266","1.5","73.6116","73.6116","57.9345","5.2967","0.8261","0.0221","7.6597"
"1599","268.24","187.77","","9.25","1.8403","1.5978","100","100","30.9917","4.9608","0.7707","0.0313","6.9379"
"1600","146.84","102.79","","6.54","3.7527","2.7186","87.0226","87.0226","26.3966","2.9173","0.4344","0.0874","2.5172"
"1601","263.49","184.44","","11.15","3.9855","2.4923","61.6471","61.6471","51.4224","3.4679","0.5023","0.0942","4.6248"
"1602","171.81","120.27","","8.13","3.9658","2.2942","73.1019","73.1019","40.9307","3.6524","0.5618","0.0937","3.8506"
"1603","165.5","115.85","","8.29","4.578","2.7308","64.6821","64.6821","42.88","2.9726","0.4307","0.1116","3.1519"
"1604","86.61","60.75","25","5","4.1001","2.401","90.5205","90.5205","35.4077","3.6326","0.5297","0.0976","4.9681"
"1605","310.6","217.42","","12.02","3.4947","2.7319","68.5294","68.5294","48.247","3.1638","0.4304","0.0798","4.8478"
"1606","459.54","321.68","","17.78","3.5703","3.3822","31.8202","31.8202","55.5043","2","0.2354","0.0821","1.5286"
"1607","508.77","356.14","","19.32","3.5205","2.2193","31.7128","31.7128","77.7101","4.045","0.5842","0.0806","6.3995"
"1608","245.05","171.53","","10.07","4.1208","2.815","74.2352","74.2352","54.4775","3.2922","0.4055","0.0982","6.9826"
"1609","617.34","432.14","","22.74","3.6967","2.3699","23.6254","23.6254","100","4.2754","0.539","0.0858","10.2496"
"1610","130.23","91.16","","5.63","3.29","2.2165","100","100","31.0699","3.9686","0.585","0.0738","5.6936"
"1611","365.86","256.1","","12.85","1.9047","2.327","83.6052","83.6052","34.1109","3.5966","0.5519","0.0332","3.7568"
"1612","236.79","165.75","","9.11","2.8387","2.2817","85.8858","85.8858","30.2755","3.5977","0.5655","0.0606","3.2184"
"1613","455.81","319.07","","16.8","3.0759","2.4449","52.441","52.441","64.2518","3.7137","0.5165","0.0676","6.2145"
"1614","166.6","116.62","","6.73","2.8884","2.14","95.6754","95.6754","25.052","3.8109","0.608","0.0621","3.3801"
"1615","66.86","46.8","","3.72","4.5814","3.3935","100","100","25","2","0.232","0.1117","1.9938"
"1616","321.74","225.22","","12.99","3.9675","2.9128","53.8651","53.8651","51.9037","2.7834","0.3762","0.0937","3.6886"
"1617","373.54","261.48","","13.63","2.6507","2.1639","70.7109","70.7109","48.9503","3.9956","0.6008","0.0551","5.2947"
"1618","224.14","156.9","","8.12","2.4001","2.3093","100","100","25","3.645","0.5572","0.0477","3.9688"
"1619","426.16","298.31","","16.48","3.7003","2.3386","44.5515","44.5515","71.9842","3.9332","0.5484","0.0859","6.8591"
"1620","465.29","325.71","","17","2.8014","1.9758","53.0056","53.0056","63.7572","4.3551","0.6573","0.0595","6.1812"
"1621","254.01","177.8","","9.93","3.3233","2.4474","80.2388","80.2388","42.5788","3.5916","0.5158","0.0748","5.1689"
"1622","223.24","156.27","","9.42","3.4171","2.0293","75.1838","75.1838","42.9385","4.0985","0.6412","0.0776","4.5711"
"1623","316.56","221.59","","11.77","3.0584","2.5711","77.7398","77.7398","46.3462","3.4775","0.4787","0.067","5.6631"
"1624","93.59","65.52","","4.81","4.5178","2.9264","99.4275","99.4275","45.4053","3.2956","0.3721","0.1099","8.3603"
"1625","389.28","272.49","","14.6","2.8927","2.2397","58.9264","58.9264","49.8676","3.7351","0.5781","0.0622","3.9184"
"1626","243.04","170.13","","9.31","3.2449","2.6332","86.4519","86.4519","38.4585","3.3276","0.46","0.0725","5.0944"
"1627","354.76","248.33","","13.66","3.2202","2.2291","60.0398","60.0398","52.6066","3.8351","0.5813","0.0718","4.6701"
"1628","297.2","208.04","","12.15","4.0087","2.7341","59.0431","59.0431","54.0296","3.161","0.4298","0.0949","4.8497"
"1629","288.76","202.13","","11.46","3.9814","3.0202","68.246","68.246","52.5977","2.8719","0.3439","0.0941","5.7671"
"1630","125.5","87.85","","5.52","2.6349","1.6068","100","100","25","4.4977","0.768","0.0546","2.9721"
"1631","275.24","192.67","","10.68","3.354","2.6474","75.9364","75.9364","41.6552","3.228","0.4558","0.0757","4.3895"
"1632","359.65","251.76","","13.4","3.0283","2.4308","68.0683","68.0683","51.0142","3.64","0.5208","0.0662","5.3949"
"1633","602.64","421.85","","21.46","2.0369","2.8179","43.4527","43.4527","65.075","3.0847","0.4046","0.0371","5.1919"
"1634","534.18","373.93","","19.17","2.3927","2.1231","46.1316","46.1316","61.5641","3.993","0.6131","0.0475","4.7782"
"1635","129.12","90.38","","5.54","3.3357","2.5237","99.7291","99.7291","25","3.1813","0.4929","0.0752","2.4822"
"1636","260.48","182.34","","10.02","2.946","2.3541","80.543","80.543","34.0258","3.5106","0.5438","0.0637","3.3279"
"1637","38.26","46.22","18","4.21","4.8","2.3883","88.6595","88.6595","50.612","4.0017","0.5335","0.1257","8.0638"
"1638","295.12","206.59","","10.82","2.7092","2.3273","84.8112","84.8112","39.9411","3.7603","0.5518","0.0568","5.2009"
"1639","203.22","142.26","","8.27","3.8716","2.8288","86.5643","86.5643","44.1715","3.2031","0.4014","0.0909","6.3663"
"1640","444.93","311.45","","16.87","3.2151","1.6771","47.6728","47.6728","72.1258","4.8938","0.7469","0.0716","7.3082"
"1641","166.33","116.43","","6.71","3.5419","2.7505","96.831","96.831","33.0937","3.1902","0.4249","0.0812","5.3041"
"1642","160.91","112.64","","6.5","2.9316","2.2049","97.4471","97.4471","25","3.7456","0.5885","0.0633","3.5897"
"1643","381.87","267.31","","13.42","3.0246","2.4388","83.4084","83.4084","68.4876","4.2993","0.5184","0.0661","11.2933"
"1644","112.91","79.04","","5.19","3.7759","2.5195","100","100","34.7979","3.7007","0.4942","0.0881","7.0012"
"1645","286.74","200.72","","11.2","3.7203","2.6214","74.4653","74.4653","56.264","3.6065","0.4636","0.0865","7.4065"
"1646","260.11","182.08","","10.34","3.433","2.2263","77.367","77.367","50.2688","4.0441","0.5821","0.078","6.4761"
"1647","213.07","149.15","","7.97","2.9031","2.6941","96.5858","96.5858","26.5652","3.1007","0.4418","0.0625","3.835"
"1648","86.93","60.85","","4.47","3.8204","2.4308","100","100","31.0484","3.8224","0.5208","0.0894","7.0003"
"1649","319.63","223.74","","12.76","3.4348","3.0091","53.2369","53.2369","31.8463","2.14","0.3473","0.0781","0"
"1650","190.22","133.15","","7.18","3.0879","2.6675","100","100","28.7537","3.3361","0.4497","0.0679","5.5849"
"1651","90.78","63.54","","4.53","3.9526","2.6732","100","100","30.8788","3.2993","0.448","0.0933","5.3299"
"1652","145.92","102.15","","5.94","3.4544","2.8263","100","100","25","2.9093","0.4021","0.0787","3.7492"
"1653","90.68","63.48","","4.58","3.9271","2.6901","97.5981","97.5981","26.9457","3.1311","0.443","0.0925","4.0542"
"1654","539.31","377.52","","19.03","2.0972","2.1985","52.8289","52.8289","59.1796","3.9317","0.5905","0.0389","5.1505"
"1655","196.3","137.41","","7.75","3.2191","2.5018","92.0473","92.0473","32.3753","3.4413","0.4995","0.0718","4.5054"
"1656","271.19","189.83","","11.46","4.6402","2.9674","62.3016","62.3016","67.0777","3.216","0.3598","0.1134","8.1566"
"1657","366.02","256.22","","14.5","3.9695","2.6853","50.4587","50.4587","65.0873","3.374","0.4444","0.0938","6.1328"
"1658","279.19","195.43","","11.91","4.8","3.4765","50.0777","50.0777","54.544","2.0166","0.207","0.1336","3.7623"
"1659","316.92","221.85","","12.49","3.4426","2.3686","62.7849","62.7849","50.1014","3.6223","0.5394","0.0783","4.4866"
"1660","298.38","208.87","","11.01","2.7011","2.3876","82.1503","82.1503","37.2484","3.5696","0.5337","0.0566","4.2522"
"1661","343.96","240.77","","14.2","3.4744","1.9362","43.4969","43.4969","50.61","3.9361","0.6691","0.0792","2.0155"
"1662","182.3","127.61","","8.76","4.1827","2.2133","70.6019","70.6019","52.4128","4.0126","0.586","0.1","6.0419"
"1663","192.09","134.46","","7.72","3.9031","3.5","86.9132","86.9132","25","2","0.2","0.0918","2.1793"
"1664","356.36","249.45","","13.86","3.8178","3.4812","54.8245","54.8245","48.6","2","0.2056","0.0893","3.0902"
"1665","385.77","270.04","","14.92","3.7353","2.0733","57.694","57.694","77.877","4.6453","0.628","0.0869","9.9154"
"1666","189.92","132.94","","8.32","4.8","3.3483","78.3797","78.3797","53.5061","2.5976","0.2455","0.1186","7.3239"
"1667","552.03","386.42","","19.56","2.7578","2.3875","50.5062","50.5062","76.7753","4.0763","0.5337","0.0582","8.7105"
"1668","390.41","273.29","","14.31","3.1337","2.3453","68.3429","68.3429","63.3312","4.0696","0.5464","0.0693","8.1414"
"1669","42.33","33.52","20","3.25","4.8","3.273","95.4443","95.4443","25","2.1012","0.2681","0.1259","2.0445"
"1670","396.82","277.77","","14.8","2.748","1.6202","60.5956","60.5956","57.3206","4.7985","0.7639","0.0579","5.7816"
"1671","245.72","172","","9.36","3.1649","3.0457","85.3904","85.3904","27.5586","2.4717","0.3363","0.0702","2.5543"
"1672","119.75","83.83","","6.65","4.0172","2.1634","75.0254","75.0254","34.3662","3.6974","0.601","0.0952","2.664"
"1673","469.19","328.44","","16.5","2.2964","1.8105","64.5604","64.5604","60.1842","4.6688","0.7069","0.0447","6.9425"
"1674","163.55","114.48","","7.66","4.2911","2.7796","75.7485","75.7485","39.567","2.9911","0.4161","0.1032","3.905"
"1675","443.15","310.21","","16.68","3.4294","2.4792","48.6126","48.6126","68.6188","3.7175","0.5062","0.0779","6.6625"
"1676","204.4","143.08","","8.39","3.4142","2.3141","84.5399","84.5399","39.1793","3.7553","0.5558","0.0775","4.997"
"1677","93.79","65.65","","4.62","3.9431","2.6745","100","100","31.3729","3.3114","0.4477","0.093","5.4517"
"1678","299.01","209.3","","12.01","3.4673","2.4122","61.5282","61.5282","44.3982","3.4006","0.5263","0.079","3.0635"
"1679","612.5","428.75","","22.29","3.0798","2.4682","27.7909","27.7909","83.7958","3.7952","0.5095","0.0677","7.2132"
"1680","68.77","48.14","","3.85","4.0423","2.7272","100","100","25","3.1764","0.4318","0.0959","4.9017"
"1681","71.75","50.23","","3.95","4.1009","2.9279","100","100","25","2.4151","0.3716","0.0976","0.6303"
"1682","404.38","283.06","","14.79","3.2024","2.5868","66.407","66.407","64.1198","3.7278","0.4739","0.0713","8.0557"
"1683","277.72","194.4","","12","4.3508","2.7554","51.2362","51.2362","54.0797","3.0142","0.4234","0.105","3.8153"
"1684","337.12","235.98","","13.15","3.4866","2.6939","59.383","59.383","48.5173","3.0837","0.4418","0.0796","3.6825"
"1685","523.98","366.79","","18.1","2.5133","1.8471","63.1336","63.1336","76.6412","5.0082","0.6959","0.0511","10.372"
"1686","602.74","421.92","","22.09","2.6998","2.3647","24.9544","24.9544","70.1789","3.5539","0.5406","0.0565","3.8376"
"1687","230.53","161.37","","9.46","3.4261","2.1908","78.1046","78.1046","43.8166","3.9429","0.5928","0.0778","5.1554"
"1688","292.31","204.62","","12.35","4.086","2.4266","54.7813","54.7813","58.4594","3.6298","0.522","0.0972","5.2535"
"1689","154.94","108.46","","6.41","3.8212","2.6219","100","100","45.1296","3.8583","0.4634","0.0894","9.6276"
"1690","554.12","387.88","","20.5","3.003","2.8413","31.8723","31.8723","69.3338","2.9827","0.3976","0.0654","4.5781"
"1691","519.88","363.91","","19.07","3.0846","2.1913","41.8259","41.8259","74.2596","4.1511","0.5926","0.0678","6.9947"
"1692","272.85","190.99","","10.02","2.8718","2.6146","89.05","89.05","37.5058","3.3689","0.4656","0.0616","5.2328"
"1693","203.37","142.36","","8.48","3.7613","2.6579","81.4156","81.4156","39.8881","3.2527","0.4526","0.0877","4.7345"
"1694","568.93","398.25","","19.82","2.1874","1.8512","51.4851","51.4851","68.8528","4.6305","0.6946","0.0415","7.0987"
"1695","190.67","133.47","","8.04","3.9753","2.8686","83.0705","83.0705","40.0409","2.9921","0.3894","0.0939","4.9897"
"1696","268.64","188.04","","10.65","3.5558","2.16","78.0079","78.0079","58.7736","4.3575","0.602","0.0816","8.433"
"1697","312.67","218.87","","11.58","3.3699","2.8096","80.9553","80.9553","53.6748","3.3818","0.4071","0.0762","7.7059"
"1698","412.74","288.92","","15.75","3.306","2.5902","48.7947","48.7947","56.1474","3.2559","0.4729","0.0743","3.9432"
"1699","214.76","150.33","","8.73","3.6714","2.4749","84.9984","84.9984","47.6274","3.7524","0.5075","0.085","6.9169"
"1700","244.68","171.27","","11.34","4.4237","2.6593","43.9745","43.9745","43.8931","2.7811","0.4522","0.1071","0.6018"
"1701","417.63","292.34","","16.24","3.5493","2.4034","42.4972","42.4972","62.7034","3.5808","0.529","0.0814","4.5422"
"1702","136.65","95.66","","6.79","4.6104","2.9947","78.4551","78.4551","39.9828","2.7469","0.3516","0.1126","4.3589"
"1703","449.29","314.5","","16.34","2.6354","1.9847","57.1145","57.1145","58.1592","4.2653","0.6546","0.0546","5.4999"
"1704","367.91","257.54","","14.25","2.9806","1.7566","55.4427","55.4427","52.1273","4.4028","0.723","0.0648","3.949"
"1705","203.55","142.48","","8.77","4.3345","2.9991","75.9388","75.9388","47.2732","2.8849","0.3503","0.1045","5.6258"
"1706","248.12","173.68","","11.22","4.8","2.852","53.5647","53.5647","62.7614","3.1338","0.3944","0.1357","6.037"
"1707","597.83","418.48","","21.46","2.5101","1.873","33.8122","33.8122","71.6813","4.4024","0.6881","0.051","5.3543"
"1708","172.92","121.04","","6.94","3.0564","1.8918","100","100","43.2072","4.7057","0.6825","0.067","8.2504"
"1709","390.1","273.07","","13.95","2.0998","1.59","71.7618","71.7618","45.1147","4.7048","0.773","0.0389","4.5916"
"1710","353.86","247.7","","12.47","2.4937","2.4214","85.3031","85.3031","47.6439","3.831","0.5236","0.0505","6.9614"
"1711","50.24","36.84","22","3.32","4.8","3.3155","100","100","29.589","2.3821","0.2554","0.1192","5.0297"
"1712","330.73","231.51","","12.7","3.4894","2.2707","69.0941","69.0941","62.0616","4.152","0.5688","0.0797","7.9627"
"1713","180.16","126.11","","6.9","2.6087","1.948","100","100","26.645","4.3335","0.6656","0.0539","5.6549"
"1714","215.28","150.7","","8.88","4.0336","3.0481","78.8557","78.8557","41.279","2.712","0.3356","0.0957","4.6977"
"1715","313.55","219.49","","11.99","3.0232","2.8788","68.7399","68.7399","32.2463","2.5651","0.3864","0.066","1.3559"
"1716","142.86","100","","6.33","4.0353","3.1186","87.7919","87.7919","25","2.3422","0.3144","0.0957","2.2964"
"1717","-2.16","23.71","12","1.94","4.8","2.9473","100","100","25","2.9871","0.3658","0.1196","5.8994"
"1718","265.46","185.82","","11.03","3.9004","2.6789","63.0358","63.0358","45.9492","3.0956","0.4463","0.0917","3.6067"
"1719","17.96","29.05","16","2.72","4.7291","2.8369","98.1152","98.1152","32.5046","3.0762","0.3989","0.1161","5.3464"
"1720","226.1","158.27","","9.52","4.4386","3.281","71.6576","71.6576","47.1738","2.4296","0.2657","0.1075","5.0306"
"1721","232.09","162.46","","9.57","4.0338","3.123","72.6582","72.6582","39.2668","2.4645","0.3131","0.0957","3.4251"
"1722","215.58","150.9","","8.95","3.5664","2.5571","77.2508","77.2508","35.1872","3.2104","0.4829","0.0819","3.1426"
"1723","301.42","210.99","","12.49","3.9234","2.4597","55.2199","55.2199","54.6658","3.4961","0.5121","0.0924","4.4776"
"1724","95.49","66.84","","4.56","3.9905","2.9978","100","100","25","2.4873","0.3507","0.0944","2.1112"
"1725","470.94","329.66","","18.38","3.7267","2.3269","29.6156","29.6156","72.9098","3.7452","0.5519","0.0867","5.0626"
"1726","267.35","187.14","","9.95","3.2885","2.7159","88.6263","88.6263","46.8806","3.4575","0.4352","0.0738","7.2385"
"1727","346.17","242.32","","13.7","3.5389","2.4807","53.5581","53.5581","51.546","3.3639","0.5058","0.0811","3.5688"
"1728","180.23","126.16","","7.15","2.9238","1.9557","97.7149","97.7149","36.7538","4.388","0.6633","0.0631","6.2277"
"1729","459.69","321.79","","17.52","3.3583","2.3725","39.3854","39.3854","65.0725","3.6352","0.5383","0.0758","4.6467"
"1730","193.34","135.34","","9.57","4.8","2.8989","51.88","51.88","44.0455","2.5758","0.3803","0.1242","1.694"
"1731","233.23","163.26","","8.44","2.3363","2.2776","98.5392","98.5392","25","3.6492","0.5667","0.0459","3.6216"
"1732","293.87","205.71","","12.91","4.8","3.0024","41.4709","41.4709","62.2784","2.7309","0.3493","0.1358","4.3113"
"1733","366.7","256.69","","14.31","3.4959","2.0494","56.5303","56.5303","64.8676","4.3352","0.6352","0.0799","6.8976"
"1734","370.93","259.65","","13.5","2.7919","2.4345","72.7631","72.7631","50.4271","3.6917","0.5196","0.0592","5.8944"
"1735","451.86","316.3","","16.83","3.2089","2.4471","49.7619","49.7619","65.2672","3.6953","0.5159","0.0715","6.0791"
"1736","53.07","43.32","20","4.05","4.5348","2.7182","88.8385","88.8385","30.2841","3.0427","0.4345","0.1104","3.6157"
"1737","137.11","95.98","","5.67","3.5151","2.7547","100","100","25","3.1691","0.4236","0.0804","5.1704"
"1738","223.36","156.35","","9.1","3.8141","3.1497","76.5673","76.5673","31.8686","2.3022","0.3051","0.0892","2.321"
"1739","182.81","127.97","","7.98","3.3718","2.0459","81.451","81.451","35.9568","3.9965","0.6362","0.0762","3.8744"
"1740","353.01","247.11","","14.42","4.1254","2.9042","41.7165","41.7165","56.6217","2.7282","0.3787","0.0983","3.0997"
"1741","324.53","227.17","","13.35","3.7914","2.8055","45.1629","45.1629","41.9748","2.5502","0.4083","0.0885","0.3389"
"1742","453.49","317.44","","16.46","3.3114","2.5081","60.3552","60.3552","75.701","4.0335","0.4976","0.0745","9.7931"
"1743","265.18","185.63","","9.94","2.8209","2.3184","85.7379","85.7379","36.4956","3.7005","0.5545","0.0601","4.567"
"1744","115.26","80.68","","5.12","3.4337","2.4139","100","100","25","3.6873","0.5258","0.0781","5.6072"
"1745","491.39","343.98","","17.67","2.7694","2.5428","55.1863","55.1863","65.2431","3.6457","0.4871","0.0586","6.8002"
"1746","85.73","60.01","","4.35","3.6922","2.4959","100","100","25","3.3955","0.5012","0.0856","4.0306"
"1747","366.25","256.37","","14.36","3.1637","3.0778","44.7154","44.7154","27.5204","2","0.3267","0.0701","0"
"1748","502.06","351.44","","18.64","3.25","2.7632","41.0097","41.0097","69.6726","3.2377","0.421","0.0727","5.8762"
"1749","492.83","344.98","","17.62","2.7608","2.375","56.7503","56.7503","67.7574","3.9631","0.5375","0.0583","7.5628"
"1750","74.7","57.28","21","5.09","4.1786","2.1008","87.6052","87.6052","43.1263","4.1939","0.6198","0.0999","6.2758"
"1751","382.52","267.76","","13.83","3.1403","2.2906","74.7239","74.7239","67.443","4.3448","0.5628","0.0694","9.9005"
"1752","313.94","219.75","","11.09","2.8949","2.5368","92.6129","92.6129","53.6327","3.9333","0.489","0.0622","9.2578"
"1753","473.03","331.12","","17.1","2.792","1.6313","56.2412","56.2412","71.5184","5.0719","0.7606","0.0592","8.322"
"1754","351.16","245.81","","11.88","1.8752","2.2755","96.723","96.723","40.9869","4.0389","0.5673","0.0323","7.0261"
"1755","172.7","120.89","","8.66","4.8","3.1411","53.1092","53.1092","30.7864","2","0.3077","0.1207","0"
"1756","18.34","26.99","16","2.67","3.9378","2.2147","100","100","25","3.7678","0.5856","0.0928","3.9039"
"1757","456.36","319.45","","17.26","3.4299","2.4008","43.8109","43.8109","69.2738","3.7687","0.5298","0.0779","6.1636"
"1758","140.46","98.32","","6.43","4.1035","3.0422","84.0945","84.0945","25.4229","2.4034","0.3373","0.0977","1.9109"
"1759","210.75","147.52","","9.17","4.4278","3.3482","66.4102","66.4102","35.6741","2","0.2455","0.1072","1.798"
"1760","582.31","407.61","","22.61","3.8561","2.3094","5.5803","5.5803","86.644","3.7468","0.5572","0.0904","4.8655"
"1761","471.91","330.34","","19.45","4.2639","1.7754","19.7799","19.7799","92.4344","4.8419","0.7174","0.1024","8.0409"
"1762","252.61","176.83","","10.46","3.6997","2.4475","68.6294","68.6294","45.1903","3.48","0.5158","0.0859","4.1888"
"1763","118.36","82.85","","5.94","4.6175","3.3649","80.6616","80.6616","25","2","0.2405","0.1128","0"
"1764","183.27","128.29","","8.63","4.1557","2.2637","73.3748","73.3748","52.6274","3.9909","0.5709","0.0992","6.4604"
"1765","97.1","67.97","","4.64","3.6129","2.4952","100","100","25","3.4433","0.5014","0.0833","4.4434"
"1766","404.02","282.81","","14.55","2.9947","2.5013","71.0505","71.0505","62.4823","3.8752","0.4996","0.0652","8.3172"
"1767","466.87","326.81","","16.11","1.931","2.2859","73.9421","73.9421","52.6779","3.9703","0.5642","0.034","6.5475"
"1768","267.29","187.1","","9.9","2.7863","2.5148","87.7052","87.7052","33.9705","3.3973","0.4956","0.0591","4.2749"
"1769","201.44","141.01","","7.69","2.8374","2.0047","98.3858","98.3858","38.6405","4.3779","0.6486","0.0606","6.7326"
"1770","110.11","77.08","","4.96","4.0191","2.9293","100","100","29.4852","3.1203","0.3712","0.0952","6.8533"
"1771","364.36","255.05","","13.47","3.1997","2.5121","70.6362","70.6362","58.3099","3.7497","0.4964","0.0712","7.3438"
"1772","327.92","229.55","","12.93","4.0433","3.1388","59.6349","59.6349","56.7232","2.6809","0.3084","0.0959","5.5215"
"1773","194.4","136.08","","8.45","3.7022","2.2167","80.371","80.371","45.7618","3.9903","0.585","0.0859","5.8868"
"1774","288.05","201.63","","11.62","3.6849","2.2062","68.3102","68.3102","58.9165","4.1501","0.5881","0.0854","7.1658"
"1775","392.66","274.87","","13.98","2.4395","1.5966","74.6799","74.6799","58.2669","5.069","0.771","0.0489","7.8759"
"1776","107.63","75.34","","4.88","3.6696","2.626","100","100","25","3.4094","0.4622","0.085","5.7276"
"1777","210.17","147.12","","8.35","3.394","2.8005","85.8498","85.8498","29.7095","2.8697","0.4099","0.0769","3.089"
"1778","232.56","162.79","","9.59","3.5053","2.8383","69.9382","69.9382","25.2987","2.4653","0.3985","0.0802","0"
"1779","208.42","145.9","","9.05","4.0068","2.5204","74.8485","74.8485","47.9397","3.5432","0.4939","0.0949","5.6264"
"1780","259.51","181.66","","9.7","2.4988","2.0544","86.4291","86.4291","30.4795","3.9237","0.6337","0.0506","3.336"
"1781","158.74","111.12","","7.64","4.284","2.596","75.8239","75.8239","43.3635","3.3397","0.4712","0.103","4.7503"
"1782","-91.99","20.85","11","0.32","4.6873","1.8166","94.1404","94.1404","35.0267","4.4817","0.705","0.1148","5.369"
"1783","170.59","119.41","","7.11","3.0147","2.1455","89.7534","89.7534","25","3.6923","0.6064","0.0658","2.4023"
"1784","356.06","249.24","","14.07","3.9969","3.0341","51.7003","51.7003","58.6773","2.7531","0.3398","0.0946","4.8889"
"1785","326.03","228.22","","13.44","3.8498","2.8839","43.823","43.823","41.9486","2.4214","0.3848","0.0903","0.1537"
"1786","87.51","61.26","","4.34","4.0824","2.9235","100","100","26.5302","2.8631","0.373","0.0971","4.5195"
"1787","138.51","96.95","","6.06","3.3724","2.2488","95.7494","95.7494","31.755","3.83","0.5753","0.0763","4.8647"
"1788","82.13","57.69","25","4.85","4.0962","2.4488","89.729","89.729","31.4582","3.456","0.5154","0.0975","3.9932"
"1789","239.74","167.81","","10.14","3.8092","2.314","70.362","70.362","50.3205","3.8182","0.5558","0.0891","5.5494"
"1790","133.56","93.49","","6.78","4.3611","2.6306","79.3117","79.3117","41.3049","3.2936","0.4608","0.1053","4.7645"
"1791","149.27","104.49","","7.23","4.5199","2.9177","76.6828","76.6828","40.9896","2.851","0.3747","0.1099","4.3431"
"1792","15.2","26.04","16","2.59","3.9545","2.2167","100","100","25","3.7213","0.585","0.0933","3.5195"
"1793","216.68","151.68","","7.99","2.9031","3.0369","100","100","25","2.5105","0.3389","0.0625","2.789"
"1794","177.11","123.98","","7.51","3.0728","2.2492","85.52","85.52","25","3.1238","0.5752","0.0675","0"
"1795","236.98","165.89","","9.55","3.4281","2.303","79.318","79.318","44.0199","3.812","0.5591","0.0779","5.3626"
"1796","246.37","172.46","","9.21","3.2227","2.9804","90.6817","90.6817","35.4256","2.8387","0.3559","0.0719","4.9936"
"1797","309.38","216.56","","12.96","4.0674","2.2767","53.9361","53.9361","64.6561","3.9779","0.567","0.0966","6.5036"
"1798","257.23","180.06","","10.69","3.5222","2.6424","61.6131","61.6131","30.152","2.7293","0.4573","0.0807","0"
"1799","265.83","186.08","","10.92","3.8167","2.5715","66.7499","66.7499","48.5568","3.3651","0.4786","0.0893","4.6777"
"1800","182.65","127.86","","7.73","2.8905","1.8678","84.061","84.061","25.5384","4.0207","0.6897","0.0621","1.9318"
"1801","553.71","387.59","","20.02","2.6597","2.0877","39.9229","39.9229","69.1684","4.1374","0.6237","0.0554","5.6198"
"1802","262.11","183.48","","10.15","3.0743","2.0312","81.587","81.587","46.3451","4.2785","0.6406","0.0675","6.178"
"1803","214.41","150.09","","8","3.0609","3.0587","97.1127","97.1127","25","2.5513","0.3324","0.0671","3.4113"
"1804","229.02","160.31","","8.71","2.5139","2.2723","90.7672","90.7672","25","3.2847","0.5683","0.0511","0.3505"
"1805","249.03","174.32","","11.1","4.4872","2.5585","58.5224","58.5224","62.0732","3.5956","0.4824","0.109","6.5495"
"1806","649.29","454.5","","23.69","2.8086","2.1005","17.6015","17.6015","79.447","4.037","0.6198","0.0597","4.8919"
"1807","589.78","412.84","","20.02","1.9486","1.9752","60.098","60.098","72.3411","4.6783","0.6574","0.0345","9.0195"
"1808","488.44","341.91","","19.02","3.7847","2.7483","24.1748","24.1748","70.6824","3.0272","0.4255","0.0884","3.844"
"1809","107.37","75.16","","5.3","3.7485","2.1225","100","100","45.7022","4.4356","0.6132","0.0873","8.6659"
"1810","145.95","102.16","","7.11","4.2646","2.6548","78.1209","78.1209","39.2199","3.1902","0.4536","0.1024","4.1463"
"1811","204.61","143.22","","7.62","2.5265","2.3249","100","100","25","3.4394","0.5525","0.0514","2.3484"
"1812","-14.07","24.86","12","2.08","4.3217","2.1982","96.8605","96.8605","29.2887","3.8549","0.5905","0.1041","4.4709"
"1813","7.74","25.81","14","2.38","4.1303","2.3087","100","100","25.319","3.7995","0.5574","0.0985","5.3208"
"1814","365.77","256.04","","12.75","2.2171","2.5607","87.1251","87.1251","42.7153","3.5439","0.4818","0.0424","6.1211"
"1815","236.04","165.23","","8.6","2.6917","3.0687","100","100","25","2.376","0.3294","0.0563","1.9904"
"1816","295.19","206.63","","10.54","2.3053","2.2581","90.5445","90.5445","33.8033","3.7893","0.5726","0.045","4.6183"
"1817","392.13","274.49","","15","3.4494","2.2917","55.0455","55.0455","64.2629","3.9643","0.5625","0.0785","6.5657"
"1818","159.3","111.51","","6.35","2.9148","2.2873","100","100","25","3.5906","0.5638","0.0628","3.2242"
"1819","449.89","314.93","","17.45","3.7445","2.7894","34.9431","34.9431","66.6844","3.0346","0.4132","0.0872","4.4064"
"1820","426.06","298.24","","16.76","3.4894","2.1369","36.7193","36.7193","62.2811","3.8488","0.6089","0.0797","3.6756"
"1821","388.86","272.2","","15.2","3.0187","1.9654","45.5732","45.5732","47.355","3.8461","0.6604","0.0659","1.5775"
"1822","381.7","267.19","","14.02","2.6469","2.7905","67.816","67.816","40.9497","2.8899","0.4128","0.055","3.1469"
"1823","359.61","251.73","","12.58","2.098","2.6164","87.4828","87.4828","37.5405","3.3434","0.4651","0.0389","5.0305"
"1824","321.95","225.37","","12.12","3.4635","3.1164","73.657","73.657","48.2576","2.7134","0.3151","0.0789","5.5368"
"1825","355.46","248.83","","13.47","3.1894","2.849","63.2415","63.2415","45.0732","2.8431","0.3953","0.0709","3.4415"
"1826","274.28","192","","11.44","3.9041","2.3045","64.2","64.2","57.7008","3.922","0.5587","0.0919","6.3479"
"1827","134.01","93.81","","6.62","4.0609","2.5147","81.1713","81.1713","34.8403","3.3197","0.4956","0.0965","3.5913"
"1828","321.98","225.39","","10.98","2.2914","2.432","99.3311","99.3311","45.2353","3.9697","0.5204","0.0445","8.31"
"1829","379.23","265.46","","16","4.1025","2.1905","29.3484","29.3484","65.7487","3.7496","0.5929","0.0977","3.4514"
"1830","271.71","190.2","","11.35","4.3024","3.4118","55.1451","55.1451","38.342","2","0.2265","0.1035","0.8764"
"1831","458.18","320.72","","16.69","3.3978","2.5513","58.4791","58.4791","77.5406","3.9916","0.4846","0.077","9.9466"
"1832","56.58","40.54","23","3.65","3.6603","2.1923","100","100","25","3.8795","0.5923","0.0847","4.6163"
"1833","267.77","187.44","","10.05","3.077","2.387","86.1817","86.1817","44.5045","3.8132","0.5339","0.0676","6.3884"
"1834","305.8","214.06","","12.61","4.2606","3.0079","53.0328","53.0328","54.9245","2.7155","0.3476","0.1023","4.2417"
"1835","453.87","317.71","","17.51","3.7586","2.1218","41.1691","41.1691","80.8513","4.4015","0.6135","0.0876","8.3569"
"1836","159.02","111.31","","6.32","3.4538","3.0197","100","100","25","2.5329","0.3441","0.0786","2.7775"
"1837","151.28","105.89","","7.6","4.1053","2.405","70.5565","70.5565","35.0217","3.3135","0.5285","0.0978","2.2097"
"1838","238.38","166.87","","9.73","3.3748","2.1789","76.3428","76.3428","42.774","3.9063","0.5963","0.0763","4.6901"
"1839","269.96","188.97","","10.14","3.2362","2.71","85.3956","85.3956","43.2485","3.3257","0.437","0.0723","6.0068"
"1840","321.66","225.16","","11.34","2.691","2.5555","91.2645","91.2645","48.0785","3.7481","0.4833","0.0563","7.8553"
"1841","223.13","156.19","","8.83","3.289","2.34","86.0474","86.0474","40.5985","3.7781","0.548","0.0738","5.5111"
"1842","132.73","92.91","","6.37","4.6003","3.0168","87.567","87.567","46.2501","3.0118","0.3449","0.1123","6.9579"
"1843","366.25","256.38","","15.73","4.4958","2.6143","25.4645","25.4645","65.9821","3.1136","0.4657","0.1092","2.9826"
"1844","461.29","322.9","","16.25","2.5855","1.6851","66.5756","66.5756","69.8658","5.1139","0.7445","0.0532","9.3423"
"1845","211.97","148.38","","8.15","3.0292","2.6863","91.4076","91.4076","25.7462","3.0122","0.4441","0.0662","2.9614"
"1846","500.36","350.25","","17.24","1.8592","1.9598","67.159","67.159","55.8013","4.3935","0.6621","0.0319","6.3263"
"1847","450.52","315.36","","16.72","3.1286","1.8533","52.6863","52.6863","71.8011","4.7196","0.694","0.0691","7.9082"
"1848","239.66","167.76","","11.04","3.8743","2.0385","51.3446","51.3446","43.2679","3.7312","0.6384","0.091","1.4512"
"1849","384.96","269.48","","14.41","3.5539","2.974","62.8646","62.8646","62.0109","3.0888","0.3578","0.0816","7.1173"
"1850","217.81","152.47","","8.43","3.3744","2.5848","91.6603","91.6603","41.4532","3.5483","0.4746","0.0763","6.4507"
"1851","183.16","128.21","","8.16","4.06","2.6702","76.6896","76.6896","40.4445","3.1779","0.449","0.0964","4.2241"
"1852","266.01","186.21","","10.39","3.898","3.1372","77.641","77.641","48.7433","2.7577","0.3088","0.0917","6.1772"
"1853","160.39","112.28","","7.89","4.2146","2.7246","64.5606","64.5606","26.8617","2.5789","0.4326","0.101","0"
"1854","501.34","350.94","","17.15","1.5179","2.0348","70.8125","70.8125","49.5617","4.19","0.6396","0.0219","5.4428"
"1855","132.07","92.45","","5.67","3.8266","2.8146","99.7606","99.7606","34.1149","3.172","0.4056","0.0896","5.921"
"1856","133.26","93.28","","5.84","3.6845","2.4315","99.5841","99.5841","40.3538","3.8522","0.5206","0.0854","7.27"
"1857","259.9","181.93","","10.67","3.3372","1.9608","70.2822","70.2822","46.6779","4.2115","0.6617","0.0752","4.7374"
"1858","-40.36","20.56","11","1.1","4.6559","2.4384","100","100","27.9441","3.634","0.5185","0.1139","5.4337"
"1859","111.21","77.85","","5.67","3.8876","2.2888","91.3101","91.3101","38.3976","3.8735","0.5634","0.0914","5.7316"
"1860","137.29","96.1","","5.71","3.1298","2.2026","100","100","25","4.1176","0.5892","0.0691","6.8372"
"1861","62.43","43.71","25","3.71","4.1189","2.7372","100","100","26.4035","3.1128","0.4288","0.0982","4.4633"
"1862","182.42","127.69","","6.98","3.1144","2.5693","100","100","29.7014","3.4977","0.4792","0.0687","5.8185"
"1863","378.65","265.05","","13.53","2.8029","2.3022","77.4705","77.4705","58.2148","4.14","0.5594","0.0596","8.2381"
"1864","253.86","177.7","","10.82","4.2181","2.9023","60.2125","60.2125","46.6296","2.7625","0.3793","0.1011","3.3783"
"1865","123.26","86.28","","6.32","4.1307","2.467","83.1653","83.1653","37.9037","3.4923","0.5099","0.0985","4.5322"
"1866","533.57","373.5","","19.88","3.122","2.3036","32.0048","32.0048","70.9036","3.7634","0.5589","0.0689","4.9412"
"1867","292.92","205.05","","10.93","2.6444","1.9267","81.2461","81.2461","41.5565","4.2972","0.672","0.0549","5.0789"
"1868","30.11","31.11","18","3","4.1905","2.4528","100","100","30.0731","3.5745","0.5142","0.1003","5.0837"
"1869","181.19","126.83","","7.08","3.3443","2.4081","100","100","41.6141","3.9935","0.5276","0.0754","8.231"
"1870","428.5","299.95","","15.61","2.6232","2.3682","60.7587","60.7587","51.4995","3.627","0.5395","0.0543","4.5228"
"1871","70.32","49.38","25","4.18","4.5187","3.0116","94.071","94.071","29.6983","2.7042","0.3465","0.1099","4.1875"
"1872","333.3","233.31","","11.97","3.1601","2.4528","85.9537","85.9537","62.6055","4.1717","0.5142","0.07","10.3401"
"1873","202.83","141.98","","7.76","2.8182","2.5138","95.3181","95.3181","25","3.1465","0.4959","0.06","2.0562"
"1874","242.11","169.48","","9","2.7096","2.733","92.1308","92.1308","25","2.8693","0.4301","0.0568","2.269"
"1875","455.87","319.11","","16.2","2.4056","2.0407","63.8995","63.8995","57.509","4.2754","0.6378","0.0479","6.2655"
"1876","61.91","43.34","","3.63","4.8","3.5","97.738","97.738","25","2","0.2","0.1233","3.051"
"1877","169.62","118.74","","7.72","4.274","2.7338","80.2746","80.2746","46.1624","3.2878","0.4299","0.1027","5.9621"
"1878","184.11","128.87","","7.06","3.1093","2.5516","100","100","31.2835","3.474","0.4845","0.0685","5.3958"
"1879","197.02","137.92","","8.48","4.7779","3.4528","78.3478","78.3478","52.0649","2.4175","0.2142","0.1175","7.0026"
"1880","69.03","48.32","","3.84","4.0754","2.7459","100","100","25","3.2486","0.4262","0.0969","5.7635"
"1881","121.35","84.95","","5.46","3.7815","2.8208","95.3674","95.3674","25","2.8262","0.4038","0.0883","2.9517"
"1882","239.85","167.89","","10.52","4.1204","2.6369","59.2528","59.2528","44.4666","3.0588","0.4589","0.0982","2.7739"
"1883","119.65","83.75","","5.23","3.5078","2.5796","100","100","25","3.3524","0.4761","0.0802","4.6645"
"1884","360.87","252.61","","14.17","3.9271","2.8409","53.5716","53.5716","62.1835","3.1347","0.3977","0.0925","5.9108"
"1885","329.55","230.68","","11.52","1.4222","1.5286","86.8311","86.8311","25","4.497","0.7914","0.02","2.0199"
"1886","105.64","73.95","","5.43","4.2982","2.6565","93.1235","93.1235","42.986","3.5103","0.4531","0.1034","6.9839"
"1887","412.9","289.03","","16.49","4.1207","2.8578","34.4845","34.4845","67.8215","2.9621","0.3927","0.0982","4.5952"
"1888","228.04","159.63","","8.98","3.2101","2.3046","85.4596","85.4596","39.4915","3.7901","0.5586","0.0715","5.1888"
"1889","228.38","159.86","","11.15","4.7238","2.5109","45.1883","45.1883","55.9818","3.306","0.4967","0.1159","3.4238"
"1890","294.34","206.04","","11.44","3.6583","2.6893","73.0265","73.0265","53.6704","3.4264","0.4432","0.0846","6.6432"
"1891","305.11","213.58","","12.51","4.2126","2.6501","59.3376","59.3376","65.2411","3.5613","0.455","0.1009","7.3556"
"1892","226.81","158.77","","10.95","4.6145","2.4595","48.7862","48.7862","55.5794","3.4212","0.5121","0.1127","3.8171"
"1893","302.25","211.58","","13.06","4.6545","3.1896","39.5924","39.5924","53.6151","2.2283","0.2931","0.1139","2.1538"
"1894","452.95","317.07","","16.55","2.6348","2.2523","54.8037","54.8037","54.5219","3.7713","0.5743","0.0546","4.3903"
"1895","391.23","273.86","","14.3","2.748","2.1831","67.2202","67.2202","53.1559","4.0213","0.5951","0.0579","5.7525"
"1896","106.38","74.46","","5.45","3.6764","2.1826","91.543","91.543","32.3","3.8706","0.5952","0.0852","4.4213"
"1897","90.46","63.32","","4.46","3.7287","2.5776","100","100","25","3.3044","0.4767","0.0867","4.218"
"1898","177.79","124.45","","8.13","3.9259","2.3186","77.342","77.342","44.2052","3.7652","0.5544","0.0925","5.1388"
"1899","123.06","86.14","","5.94","4.052","2.5447","91.5262","91.5262","40.3053","3.5727","0.4866","0.0962","6.1802"
"1900","36.01","30.37","19","3.12","4.6254","3.0767","96.1983","96.1983","25","2.1569","0.327","0.113","0.1588"
"1901","367.57","257.3","","13.27","3.1009","2.69","77.5043","77.5043","59.0124","3.6272","0.443","0.0683","8.4181"
"1902","432.31","302.62","","17","3.717","1.858","40.9782","40.9782","78.5575","4.704","0.6926","0.0864","7.8267"
"1903","181.04","126.73","","7.12","2.6165","1.5","100","100","39.4522","5.1982","0.8031","0.0541","7.7202"
"1904","275.32","192.73","","11.17","3.8685","2.5679","68.527","68.527","54.4965","3.5455","0.4796","0.0908","6.2224"
"1905","316.17","221.32","","14.28","4.8","3.0584","18.6928","18.6928","48.8954","2","0.3325","0.1206","0"
"1906","541.5","379.05","","19.16","2.7387","2.3473","52.6601","52.6601","75.6031","4.1351","0.5458","0.0577","8.7411"
"1907","112.93","80.85","23","7.01","4.5206","2.4331","61.0209","61.0209","31.1736","3.0336","0.5201","0.1099","0.0862"
"1908","70.83","49.58","","4.08","3.2948","1.8966","100","100","25.2582","4.225","0.681","0.074","4.0788"
"1909","242.56","169.79","","9.19","3.0589","2.548","88.6291","88.6291","35.9381","3.4149","0.4856","0.0671","4.8315"
"1910","493.65","345.56","","18.26","2.9019","3.271","45.8474","45.8474","58.5627","2.3354","0.2687","0.0625","4.0799"
"1911","351.87","246.31","","14.01","3.3325","2.6406","47.1613","47.1613","39.0026","2.7331","0.4578","0.0751","0"
"1912","34.92","33.46","18","3.12","4.6524","2.8605","100","100","35.5191","3.1643","0.3918","0.1138","6.4081"
"1913","242.66","169.86","","10.59","4.5184","3.0454","59.0859","59.0859","50","2.6329","0.3364","0.1099","3.9689"
"1914","276.04","193.23","","10.49","3.1119","2.6038","80.1586","80.1586","38.4794","3.2728","0.4689","0.0686","4.2563"
"1915","173.37","121.36","","7.83","3.9622","2.1615","86.5885","86.5885","57.5404","4.4553","0.6015","0.0936","9.3107"
"1916","203.17","142.22","","10.06","4.2548","2.0273","57.5453","57.5453","54.547","4.123","0.6418","0.1021","4.7629"
"1917","248.75","174.13","","9.97","3.2298","2.043","77.896","77.896","44.8458","4.1686","0.6371","0.0721","5.3539"
"1918","135.43","94.8","","6.21","4.0843","3.1414","86.6691","86.6691","25","2","0.3076","0.0971","0"
"1919","289.79","202.85","","12.18","3.8748","2.8087","49.2576","49.2576","38.0514","2.5101","0.4074","0.091","0.0241"
"1920","66.46","49.31","22","4.46","4.2358","2.4778","89.1712","89.1712","30.9611","3.3952","0.5067","0.1016","3.8091"
"1921","157.77","110.44","","6.31","3.1269","2.5694","100","100","25","3.1504","0.4792","0.0691","2.7638"
"1922","59.41","42.19","24","3.67","4.0289","2.5645","100","100","26.9338","3.4969","0.4806","0.0955","5.7534"
"1923","300.5","210.35","","10.76","2.4224","2.4548","89.4307","89.4307","34.5488","3.5205","0.5136","0.0484","4.6332"
"1924","209.16","146.41","","9.2","3.8495","2.2858","72.4381","72.4381","46.2417","3.7866","0.5643","0.0903","4.9301"
"1925","125.55","87.88","","5.45","3.2187","2.35","100","100","25","3.423","0.545","0.0717","2.5078"
"1926","233.61","163.53","","9.18","4.0517","3.3323","84.1695","84.1695","45.6724","2.5119","0.2503","0.0962","6.3759"
"1927","203.95","142.77","","9.19","4.5551","3.1368","64.3644","64.3644","41.9326","2.3858","0.309","0.111","2.9009"
"1928","186.42","130.5","","8.85","4.3356","2.6578","64.0298","64.0298","40.9412","3.0146","0.4526","0.1045","2.638"
"1929","166","116.2","","7.18","3.6485","2.5673","86.2307","86.2307","31.7543","3.2473","0.4798","0.0844","3.5899"
"1930","168.16","117.71","","7.08","3.6205","2.7106","88.9497","88.9497","30.0726","3.0495","0.4368","0.0835","3.584"
"1931","273.39","191.37","","11.11","3.697","2.2353","70.3115","70.3115","56.7212","4.0857","0.5794","0.0858","6.9508"
"1932","160.99","112.7","","6.45","3.6915","3.1866","97.2277","97.2277","25.7313","2.4124","0.294","0.0856","3.7375"
"1933","397.47","278.23","","15.72","3.7938","2.701","40.919","40.919","60.1532","3.0838","0.4397","0.0886","3.7698"
"1934","55.86","40.07","23","3.57","4.1507","2.675","100","100","27.7489","3.2488","0.4475","0.0991","4.9062"
"1935","206.61","144.63","","8.04","2.8297","2.5441","92.3428","92.3428","25","2.8539","0.4868","0.0603","0"
"1936","439.49","307.64","","16.62","2.9975","2.3918","45.1514","45.1514","53.2934","3.4019","0.5325","0.0653","2.8274"
"1937","511.9","358.33","","17.94","2.4185","2.2445","60.6905","60.6905","66.5726","4.1728","0.5766","0.0483","7.8297"
"1938","174.82","122.38","","6.76","2.8547","2.3671","100","100","25","3.5194","0.5399","0.0611","3.5624"
"1939","568.09","397.66","","19.6","2.268","1.9078","56.0742","56.0742","73.6619","4.7428","0.6777","0.0439","8.7712"
"1940","214.75","150.33","","7.96","2.7814","2.314","98.8715","98.8715","33.5086","3.8317","0.5558","0.0589","5.6686"
"1941","330.01","231.01","","12.8","3.0112","2.3607","61.1421","61.1421","38.373","3.315","0.5418","0.0657","1.6863"
"1942","82.89","60.43","23","5.08","4.7308","2.7037","91.6071","91.6071","51.2116","3.628","0.4389","0.1161","8.5905"
"1943","225.87","158.11","","9.88","4.0179","2.3682","68.7636","68.7636","51.6571","3.7527","0.5395","0.0952","5.6294"
"1944","446.97","312.88","","16.09","2.503","2.2425","61.2955","61.2955","54.2516","3.8768","0.5772","0.0508","5.2001"
"1945","12.65","27.62","16","2.61","4.5982","2.7103","97.1266","97.1266","29.0876","3.1498","0.4369","0.1122","4.4623"
"1946","198.61","139.03","","8.92","4.2132","2.8049","68.0681","68.0681","39.4092","2.8355","0.4085","0.1009","2.8418"
"1947","451.36","315.95","","16.78","3.0871","1.9082","51.3092","51.3092","68.9443","4.5518","0.6775","0.0679","7.0952"
"1948","317.37","222.16","","12.03","3.4363","2.7982","72.9272","72.9272","50.6671","3.2001","0.4105","0.0781","5.9692"
"1949","361.96","253.37","","15.25","4.5688","2.949","31.2164","31.2164","65.6027","2.7315","0.3653","0.1114","3.6694"
"1950","134.6","94.22","","5.88","3.599","2.3075","100","100","41.0496","4.1088","0.5578","0.0829","8.0281"
"1951","530.05","371.03","","18.7","2.372","2.1694","54.3574","54.3574","65.4674","4.1521","0.5992","0.0469","6.7385"
"1952","36.34","41.72","18","4.09","3.9467","1.8644","83.3566","83.3566","26.8149","4.0465","0.6907","0.0931","2.1183"
"1953","132.29","92.61","","6.19","3.6752","2.2944","90.4242","90.4242","34.9477","3.7661","0.5617","0.0851","4.854"
"1954","112.46","78.72","","5","3.7499","2.792","100","100","25","3.1111","0.4124","0.0873","5.1099"
"1955","162.14","113.49","","6.49","2.8384","1.9949","100","100","30.0931","4.2029","0.6515","0.0606","5.0741"
"1956","721.88","505.32","","25.44","2.9476","2.1525","22.7752","22.7752","100","4.6063","0.6042","0.0638","10.5311"
"1957","244.06","170.84","","11.02","4.0385","2.5241","48.3645","48.3645","35.9414","2.8351","0.4928","0.0958","0"
"1958","118.65","83.06","","5.15","3.9532","3.1445","100","100","25","2.5005","0.3066","0.0933","4.0034"
"1959","225.12","157.58","","9.85","3.8667","2.5408","63.3331","63.3331","36.8383","3.0624","0.4878","0.0908","1.6421"
"1960","249.12","174.38","","10.19","3.9957","2.7415","73.5911","73.5911","52.2937","3.3289","0.4276","0.0945","6.416"
"1961","517.26","362.08","","18.57","2.8269","2.2095","50.5903","50.5903","72.1778","4.2074","0.5871","0.0603","7.7103"
"1962","290.28","203.2","","10.31","2.5938","2.6869","94.3637","94.3637","37.3201","3.3457","0.4439","0.0534","5.9035"
"1963","244.2","170.94","","10.18","3.8993","2.6529","69.3642","69.3642","45.9127","3.2268","0.4541","0.0917","4.4461"
"1964","289.05","202.34","","11.15","3.2304","2.7171","73.1502","73.1502","37.8987","2.9958","0.4349","0.0721","3.19"
"1965","168.51","117.96","","7.02","3.7837","2.6555","93.7859","93.7859","42.129","3.5003","0.4534","0.0883","6.884"
"1966","341.53","239.07","","12.65","3.2019","2.0701","76.7475","76.7475","65.0022","4.6178","0.629","0.0713","9.6345"
"1967","11.11","27.87","15","2.57","4.093","2.1968","100","100","29.1572","4.0586","0.591","0.0974","6.247"
"1968","154.27","107.99","","6.41","2.9931","2.1746","95.7366","95.7366","25","3.7029","0.5976","0.0651","2.8478"
"1969","432.93","303.05","","15.91","2.9083","3.1002","59.4661","59.4661","52.818","2.6338","0.3199","0.0626","4.6398"
"1970","69.36","48.55","","3.8","4.8","3.4508","100","100","30.7966","2.3241","0.2148","0.1281","6.1573"
"1971","247.14","173","","9.66","3.208","2.1896","83.151","83.151","45.0072","4.051","0.5931","0.0714","6.0931"
"1972","93.43","65.4","","4.73","3.7481","2.5233","96.0897","96.0897","25","3.2571","0.493","0.0873","3.1448"
"1973","121.56","85.09","","5.41","3.7322","2.7036","98.0168","98.0168","28.9739","3.1697","0.4389","0.0868","4.5565"
"1974","524.96","367.47","","19.33","2.818","2.4454","38.3431","38.3431","63.6646","3.4838","0.5164","0.06","4.1974"
"1975","493.44","345.4","","19.16","3.6943","2.8663","23.3315","23.3315","67.6366","2.7759","0.3901","0.0857","3.061"
"1976","188.13","131.69","","8.18","4.508","3.1748","79.2601","79.2601","47.4079","2.6971","0.2975","0.1096","6.1002"
"1977","429.7","300.79","","16.25","3.6036","2.2913","52.002","52.002","75.8088","4.2072","0.5626","0.083","8.6982"
"1978","251.11","175.78","","9.77","3.5279","3.1023","79.9974","79.9974","34.9158","2.4957","0.3193","0.0808","3.4507"
"1979","418.24","292.77","","15.88","3.0323","2.9765","48.4825","48.4825","45.3328","2.4496","0.3571","0.0663","1.5222"
"1980","177.68","124.38","","6.94","3.4431","2.56","100","100","39.3846","3.8122","0.482","0.0783","8.4738"
"1981","488.74","342.12","","17.65","2.5373","2.1579","52.216","52.216","59.1642","3.9778","0.6026","0.0518","5.0651"
"1982","197.26","138.08","","9.24","4.7662","3.1311","59.9444","59.9444","44.2385","2.3841","0.3107","0.1171","2.8163"
"1983","570.64","399.45","","21.64","3.6457","2.7027","17.6112","17.6112","82.5029","3.2855","0.4392","0.0843","5.5655"
"1984","90.58","63.41","","4.59","3.747","2.4859","98.0937","98.0937","27.0871","3.423","0.5042","0.0872","4.1517"
"1985","91.7","64.19","","4.5","3.65","2.4962","100","100","25","3.4139","0.5011","0.0844","4.1969"
"1986","293.45","205.41","","11.45","3.2319","2.2601","71.1022","71.1022","45.9366","3.7939","0.572","0.0721","4.6841"
"1987","389.35","272.54","","14.95","3.6439","2.6724","53.7235","53.7235","63.1788","3.3936","0.4483","0.0842","6.1501"
"1988","419.68","293.78","","16.89","4.15","2.9787","28.3334","28.3334","64.6049","2.6217","0.3564","0.0991","3.0638"
"1989","160.53","112.37","","6.85","3.3013","2.0055","94.4819","94.4819","40.8809","4.3735","0.6484","0.0742","6.7027"
"1990","327.7","229.39","","13.11","3.5227","1.8292","61.8833","61.8833","65.2412","4.7288","0.7012","0.0807","7.6966"
"1991","113.62","79.53","","5.85","4.4474","3.1075","80.353","80.353","25","2.17","0.3178","0.1078","0.6462"
"1992","288.24","201.77","","10.93","3.6132","2.8525","80.6441","80.6441","53.7514","3.3199","0.3942","0.0833","7.6811"
"1993","303.45","212.41","","12.96","4.8","3.5","39.8476","39.8476","51.4493","2","0.2","0.136","1.7115"
"1994","287.34","201.14","","10.53","2.6917","2.5254","86.2942","86.2942","35.1711","3.3913","0.4924","0.0563","4.3501"
"1995","347.99","243.59","","14","3.9253","2.3462","52.8671","52.8671","66.8715","3.9214","0.5461","0.0925","6.8478"
"1996","365.97","256.18","","13.59","2.8355","1.6891","69.2003","69.2003","59.0636","4.8783","0.7433","0.0605","7.3173"
"1997","131.4","91.98","","5.68","3.7227","2.7488","98.2259","98.2259","30.4819","3.1483","0.4253","0.0865","4.9163"
"1998","226.67","158.67","","9.95","4.3749","2.8232","65.176","65.176","50.6266","3.0468","0.403","0.1057","4.9223"
"1999","318.56","222.99","","12.19","3.7185","3.1841","69.8975","69.8975","51.0603","2.6332","0.2948","0.0864","5.65"
"2000","263.01","184.11","","11.65","4.4484","2.7449","50.3167","50.3167","53.0918","2.9899","0.4265","0.1078","3.4748"
